,0
0,新型冠状病毒肺炎
1,多器官功能衰竭
2,难以纠正的代谢性酸中毒
3,H7N9型禽流感
4,黏多糖贮积症Ⅱ型
5,冷泪病
6,动物疾病
7,单基因病
8,肺泡蛋白质沉积症
9,过动症
10,性受虐症
11,油菜软腐病
12,干燥性角膜结膜炎
13,粪礁
14,急性无黄疸型肝炎
15,脾虫病
16,前后盘吸虫病
17,梨褐斑病
18,先天性主动脉瓣上狭窄
19,解离性健忘症
20,吕弗琉氏综合症
21,枪声恐惧症
22,产褥疾病
23,鼾症并发症
24,先天性肥胖
25,骨骰头骰骺骨软骨病
26,外胚层增生不良症
27,双相抑郁症
28,小产病
29,慢性肉芽肿性炎
30,柑橘赤衣病
31,洁癖强迫症
32,苹果狂热症
33,甜瓜黑根霉软腐病
34,梨白纹羽病
35,高粱细菌性条纹病
36,人才培养恐惧症
37,结核性渗出性胸膜炎
38,造釉细胞瘤
39,脊椎骨关节病
40,先天性聋哑
41,蚕微粒子病
42,髓过氧化物酶缺乏症
43,口水强迫症
44,一把手依赖症
45,肌强直综合症
46,老年人代谢性碱中毒
47,牙体病
48,凝脂翳病
49,肾皮质脓肿
50,慢性病性贫血
51,中心性肥胖
52,弗·霍希瓦特氏病
53,产后汗病
54,小儿心悸病
55,寄生虫妄想症
56,颈椎综合症
57,盆腔淤血症
58,鸟蛇线虫病
59,脑退化症
60,牛羊维生素A缺乏症
61,禽霉菌病
62,铁骨瘤
63,大豆茎枯病
64,牛脓肿
65,外伤后脑脂肪栓塞
66,先天性后尿道瘘
67,赤羽病
68,三凹症
69,转行焦虑症
70,屏幕依赖症
71,风湿骨病
72,选择性饮食失调症
73,菜用大豆紫斑病
74,皮肤白斑病
75,脂溢性脱发
76,对人恐惧症
77,草莓细菌性叶斑病
78,郁金香碎色病毒
79,疣状心内膜炎
80,纳米职业病
81,鸡肌胃角质层炎
82,红皮型银屑病
83,脑震荡后遗症
84,Wemieke脑病
85,拜年恐惧症
86,脑脊髓膜炎
87,昆明医学院附属皮肤病
88,日本分体吸虫病
89,拔毛症
90,猪蓝耳病
91,物体恐怖症
92,原卟啉病
93,急性食管炎
94,孟乔森综合病症
95,职场死机症
96,蒙被过暖综合症
97,亚急性发病
98,牙龈病
99,偶合症
100,单神经炎
101,赤衣病
102,产前忧郁症
103,维生素A缺乏性眼病
104,小儿心脏瓣膜病
105,幼儿过敏性鼻炎
106,PrP病
107,维甲酸综合症
108,范可尼贫血
109,恐笑症
110,胸椎间盘膨出症
111,血栓闭塞性关脉炎
112,单纯性紫癜症
113,肾藏精
114,甘蔗环斑病
115,季节性过敏性结膜炎
116,血管性帕金森综合症
117,密集综合症
118,泛发性硬皮病
119,禽比翼线虫病
120,加湿器肺炎
121,幽室恐惧症
122,中医肝病
123,睾丸结核
124,女性盆底功能障碍性疾
125,远志叶枯病
126,籽骨炎
127,硬化性甲状腺炎
128,六耳猴症
129,慢性拖拉症
130,女性霉菌性尿道炎
131,大蒜嵌纹病毒病
132,眼眶骨膜炎
133,过敏性鼻炎支气管炎
134,猝睡症
135,教材洁癖症
136,川崎症
137,假性综合症
138,胫骨结节骨软骨炎
139,循经性皮肤病
140,孕咳
141,网瘾精神病
142,老年性急性阑尾炎
143,基努恐惧症
144,嗜粪症
145,播散性毛霉病
146,面子病
147,天性副肌强直症
148,放射复合病
149,脸红症候群
150,甲状旁腺功能异常伴发
151,芹菜黄萎病
152,桑树芽枯病
153,熬夜综合症
154,双腔吸虫病
155,远伤病
156,真红增多症
157,焦虑远离症
158,慢性腹膜炎
159,原发性臂丛神经病
160,先天性黑色素细胞痣症
161,狂躁抑郁症
162,节日美食综合症
163,都市匆忙强迫症
164,慢性阻塞性系统疾病
165,红斑性肢痛
166,牛羊腱鞘炎
167,尿素逆转综合症
168,疮痂病
169,卵巢单纯囊肿
170,兰花软腐病
171,桃树红粉病
172,中耳及内耳疾病
173,戊二酸血症
174,胡麻菌核病
175,腺垂体功能减退症
176,免疫系统疾病
177,风湿性二尖瓣狭窄
178,注意力缺陷多动症
179,增生性颈椎炎
180,肾石病
181,隐原性机化性肺炎
182,管理者综合症
183,念珠菌性口炎
184,多发脑梗塞性精神障碍
185,急性血吸虫病
186,罗汉病
187,风湿症
188,先天性肌斜颈
189,男性青春期发育延迟
190,扁豆花腐病
191,镜子综合症
192,结节性前巩膜炎
193,系统型脂膜炎
194,腹腔动脉急性闭塞
195,职场拖延症
196,肛门酸痛
197,幼年类风湿性关节炎
198,反胃病
199,儿童分离焦虑症
200,猪虱病
201,Peter异常
202,可拉明中毒
203,腰椎体滑脱
204,骨感染病
205,舌断
206,短暂性全面性遗忘症
207,吸收不良综合症
208,遗传性痉挛性共济失调
209,卡他莫拉菌肺炎
210,室内过敏症
211,牛羊弓形虫病
212,狭室恐惧症
213,护理院获得性肺炎
214,张秀勤刮痧治疗常见病
215,眼睛皮肤白化症
216,病带
217,恐怖性神经症
218,无时冷泪病
219,极外侧型腰椎间盘突出
220,肾皮质髓质脓肿
221,滑脱性肋骨综合征
222,丈母娘恐惧症
223,喘息性肺炎
224,老年甲减性心脏病
225,先天性甲状腺功能减低
226,番茄红粉病
227,针灸从神论治精神疾病
228,初潮阴道炎
229,老年人缺血性结肠炎
230,自闭症治疗方法
231,关节间隙
232,落矶山斑点热
233,蔡炳炎
234,道尔顿症
235,乳腺癌并发症
236,堵车烦躁症
237,地贫基因
238,急性问质性肺炎
239,急性虹睫炎
240,微病症
241,小儿疫毒痢病
242,浆液性迷路炎
243,浆液性牙髓炎
244,女性生殖内分泌疾病
245,犬埃里希氏体病
246,书写痉挛综合症
247,光变应性皮炎
248,西里伯瑞列绦虫病
249,多基因遗传性肝病
250,慢性病毒性结膜炎
251,麦德郎氏症
252,猪胃线虫病
253,椎间盘
254,肠道病毒71型
255,妊娠肾病
256,儿童期孤独症
257,慢性血吸虫性结肠炎
258,入职焦虑症
259,猪浆膜丝虫病
260,精囊腺炎
261,瓦解型分裂症
262,浅表化脓型腺性唇炎
263,茄子果腐病
264,懿君鼻炎
265,毛细血管扩张性环状紫
266,芝麻叶斑病
267,经前综合症
268,圣·路易脑炎
269,呆小病
270,官场心病
271,鸭疫巴氏杆菌病
272,山羊布鲁氏菌病
273,玻璃体疾病
274,硬皮病并发症
275,鲤春病毒病
276,急性高山症
277,肩神经炎
278,卒腹痛病
279,肉毒杆菌食物中毒
280,唇隐裂
281,成人猝死综合症
282,附件炎疾病
283,黄麻黑点炭疽病
284,IgA天疱疮
285,猪住肉孢子虫病
286,大豆褐斑病
287,预防传染病
288,膝关节急性滑膜炎
289,芝麻褐斑病
290,Cowden综合症
291,木质真菌病
292,急性副鼻窦炎
293,小麦条纹花叶病
294,牛羊食道口线虫病
295,顽固性银屑病
296,暴吐病
297,外源性抑郁症
298,血孢子虫病
299,番茄果实牛眼腐病
300,念珠菌性心肌炎
301,口腔颌面部蜂窝织炎
302,袋獾面部肿瘤病
303,牛羊口炎
304,海豹儿
305,假性副甲状腺低能症
306,出血性休克和脑病
307,桑细菌性疫病
308,压伤综合症
309,急性淋细胞白血病
310,乳腺癌化疗
311,突发性头鸣综合症
312,气象病
313,视乳头血管炎
314,月骨骨软骨病
315,虹膜异色性睫状体炎
316,酒精性脂肪肝疾病
317,阿米巴病
318,动物恐惧症
319,膈膨出和麻痹
320,电子职业病
321,小三恐惧症
322,老年播散性血管内凝血
323,柑橘灰霉病
324,分离焦虑症
325,产检依赖症
326,膈肌膨出
327,淀粉样蛋白弹性纤维病
328,电话失忆症
329,高歇氏病
330,B病毒病
331,小儿腹股沟斜疝
332,肾穿刺
333,自体部位失认症
334,笑死病
335,猪产后败血症
336,念珠菌性心包炎
337,儿童强直性脊柱炎
338,甘草锈病
339,苹果绿皱缩果病
340,异物梗喉病
341,腔静脉阻塞综合症
342,牛羊败血症
343,西瓜丝核菌立枯病
344,纤维素性炎
345,疑似职业病
346,先天聋哑
347,上皮内癌
348,运动成瘾症
349,婴幼儿化脓性淋巴结炎
350,甘蓝根肿病
351,相对性红细胞增多症
352,耳膜炎
353,沙土皮炎
354,真菌性脑膜炎
355,禽念珠菌病
356,性压抑
357,淋病性结膜炎
358,大豆轮纹病
359,手机依赖症
360,职场慢性病
361,精胺丁二酸酵素缺乏症
362,《推拿手法治疗颈椎病
363,细粒棘球绦虫病
364,AECOPD
365,小儿多发性内分泌腺瘤
366,泡球蚴病
367,斑驳病
368,急性播散性念珠菌病
369,性病过治综合症
370,睡眠强迫症
371,糖尿病性视网膜病
372,冷超敏性皮肤病
373,肺弓形体病
374,急性非特异性心包炎
375,口腔科疾病
376,胸疼
377,薄荷病毒病
378,妇科癌病
379,卵泡萎缩
380,X综合症
381,热汗
382,疱疹性肝炎
383,咽喉部神经官能症
384,扁豆黑斑病
385,网络成瘾症
386,睡眠相位后移综合症
387,压力强迫症
388,囊性肺纤维化
389,蛋鸡衣原体病
390,猪咽喉炎
391,中毒性肺炎
392,毒血症型急性放射病
393,小儿感冒病
394,肠滴虫病
395,二尖瓣膜脱垂症
396,Huntington
397,冠心病高血压病糖尿病
398,自主神经症
399,白宫综合症
400,烧伤败血症
401,急骤进行性肾小球肾炎
402,颌面部炎症
403,过期流产
404,胎动过频
405,子宫小
406,外阴中肾管囊肿
407,黄麻枯腐病
408,甲状腺异常
409,急性化脓性乳突炎
410,咽结合膜热
411,睡眠性呼吸停顿综合征
412,萎缩性胃炎伴糜烂
413,核间性眼肌麻痹
414,鼻粘膜糜烂
415,副鼻窦炎
416,酒精性肝炎症
417,肺炎双球菌肺炎
418,转移性胸膜肿瘤
419,ald
420,假幽门腺化生
421,颈椎椎管狭窄
422,小儿紫癜病
423,显微型多血管炎
424,尿浊
425,爱滋病窗口期
426,滑石粉尘肺
427,宫寒症
428,视神经萎缩
429,全身性水肿
430,翻花疮
431,头虱病
432,外国腔症候群
433,下丘脑多汗症
434,急性腐蚀性食管炎
435,选择性情感缺失症
436,猪疥螨病
437,水貂脑膜炎
438,人工流产综合症
439,有机磷杀虫药中毒
440,鹅链球菌病
441,涎腺炎
442,斗鸡眼
443,脚抽筋
444,消化系统疾病
445,肛门下坠
446,湿热阻胃型急性胃炎
447,行为紊乱奇特
448,犬疥癣病
449,乳房异常
450,紧裆裤阴道炎
451,痛风性关节炎
452,猪食盐中毒
453,生殖器滴虫病
454,火牙
455,进行性骨化性肌炎
456,库兴氏综合征
457,聋哑
458,急性化脓性关节炎
459,番茄根霉果腐病
460,牙关紧闭症
461,亚急性感染性心内膜炎
462,掌纹诊病
463,猪李氏杆菌病
464,泌尿系梗阻性疾病
465,婚房焦虑症
466,家族性低磷酸血症
467,耳闭症
468,鸽球虫病
469,儿科虫病小儿姜片虫病
470,儿童擦腿综合征
471,食管鳞癌
472,幼年型类风湿病
473,白癣
474,氮氧化合物中毒
475,鹤膝风
476,文胸综合症
477,日本血吸虫病
478,五氯酚中毒
479,电热毯病
480,红白血病
481,面-口失用症
482,重度强迫症
483,先天性小喉
484,情感障碍症
485,火鸡出血性肠炎
486,斑釉牙
487,羊水与胎粪吸入综合症
488,精神活性物质所致精神
489,晶状体异位
490,光老化
491,结节性脂膜炎
492,外阴接触性皮炎
493,登革出血热
494,肺铁末沉着病
495,志贺杆菌病
496,化脓性色素膜炎
497,向善恐惧症
498,猪狂犬病
499,病毒性脑膜脑炎
500,良性阵发性腹膜炎综合
501,猪传染性脑脊髓炎
502,特发性尿钙增多症
503,旅行者腹泻病
504,髌骨骨软骨病
505,米勒费雪症候群
506,胃阴不足型慢性胃炎
507,风湿热性心脏病
508,脊髓前动脉综合症
509,泌尿系结石
510,维生素Ｄ缺乏病
511,WILSON 氏病
512,脂漏性皮肤炎
513,继发性肺炎
514,第Ⅳ型脊髓血管畸形
515,恐针症
516,胫骨结节骨软骨病
517,肌疝
518,氯丁二烯中毒
519,多发性慢性少年期关节
520,小儿腺苷脱氨酶缺乏
521,鸡弧菌性肝炎
522,强直性脊椎病
523,内分泌性肌病
524,变色眼症
525,继发性多汗症
526,猪繁殖和呼吸综合症
527,干燥性鼻炎
528,汗管角化症
529,癔症性失语
530,非肾上腺素增生性假两
531,白化病
532,压力上瘾症
533,HIV感染所致精神障
534,油菜白锈病
535,高血压肾病
536,猪破伤风病
537,肾石症
538,动脉硬化
539,非甲状腺性的病态综合
540,四乙基铅中毒
541,晶体溶解性青光眼
542,肠道短路关节炎皮炎综
543,溶骨症
544,呼吸道烧伤
545,单克隆丙种球蛋白病伴
546,呃逆症
547,中度脂肪肝
548,幽闭空间恐惧症
549,中度宫颈糜烂
550,物欲症
551,咽麻痹
552,女性尿瘘
553,特发性嗜酸性粒细胞增
554,羊癫疯
555,自敏性皮炎
556,SARS后遗症
557,婴儿惊厥
558,先天性疾病
559,心碎综合症
560,拇指再造
561,咽部神经鞘膜瘤
562,彭德莱综合症
563,禽霍乱
564,内脏型肥胖
565,猪皮肤霉菌病
566,禽弯曲杆菌性肝炎
567,网络疑病症
568,茄子果实疫病
569,喉部创伤
570,腺胃炎
571,乳腺脂肪肉瘤
572,肉瘤皮肤转移
573,牛羊莫尼茨绦虫病
574,溃疡病穿孔
575,犬球虫病
576,牛羊胃肠炎
577,组织细胞增生症X
578,硼酸中毒
579,冬季忧郁症
580,心阴不足
581,肾性尿崩症
582,多基因遗传病
583,慢性嗜粒细胞性肺炎
584,广场恐怖症
585,小儿肾淀粉样变性
586,踝部骨折
587,淋巴炎
588,淋球菌性腹膜炎
589,肠子宫内膜异位
590,肠粘连
591,CHAGAS巨食管症
592,眼球上升综合症
593,黄杆菌肺炎
594,肝内胆管囊状扩张症
595,原发性纤维蛋白溶解症
596,猪棉籽饼中毒
597,卵巢交界性肿瘤
598,单基因遗传病
599,狭窄性胆管炎
600,十二指肠外瘘
601,遗传性运动失调性多发
602,牛出血性败血症
603,巴特综合征
604,变异性红斑角化病
605,十八症
606,狂犬病潜伏期
607,红斑肢痛症
608,肺孢子丝菌病
609,非特异性肾实质疾病
610,乳牙滞留
611,结膜疾病
612,橄榄桥脑小脑萎缩
613,胰岛细胞类癌
614,葡萄球菌性肺炎
615,虹睫炎
616,丘疹性血管增生
617,限制性心肌疾病
618,巨婴症
619,鱼鳞症
620,伯基特淋巴瘤
621,猫瘟
622,胃粘膜脱垂
623,小儿散发性甲状腺肿
624,隐球菌性脑膜炎
625,重复肾
626,创伤性白癜风
627,猪桑葚心病
628,痤疮疤痕
629,乙肝表面抗原
630,诞生牙
631,仔猪硒缺乏症
632,急性冠脉综合症
633,二糖酶缺乏症
634,法乐氏四联症
635,强直性胸椎炎
636,线性骨折
637,小儿鼻炎
638,湿痰痿
639,猪玉米赤霉烯酮中毒
640,面部痤疮
641,飞蝇症
642,豇豆灰斑病
643,失智症
644,肋锁综合征
645,获得性鱼鳞病
646,玻璃体及视网膜脱离手
647,眼跳
648,十二指肠内瘘
649,胸部丝虫病
650,宇宙综合症
651,震动幻觉综合征
652,淹裆
653,化脓性胃炎
654,左侧卵巢囊肿
655,躯体变形障碍
656,咽食管憩室
657,贫血痣
658,白驳风
659,扁桃体癌
660,小儿营养不良
661,暴盲病
662,Theodore上方
663,脂肪栓塞
664,毛周角化病
665,小肠瘘
666,甲减妈妈
667,自然才能治病
668,丙酮酸激酶缺乏症
669,心脑血管
670,矮小症
671,韦格内肉芽肿
672,束支折返性室性心动过
673,念珠菌性肠炎
674,直接型颈动脉海绵窦瘘
675,Wegener肉芽肿
676,失歌症
677,雷诺综合症
678,急性舌扁桃体炎
679,交叉性瘫痪
680,多发性大动脉炎
681,妊娠性心脏病
682,苏拉病
683,暴发性肝炎样综合征
684,副神经节起源的肿瘤
685,桃树曲霉病
686,多基因病
687,美克尔憩室
688,卵巢性闭经
689,胸主动脉造影
690,阔节裂头绦虫病
691,化脓性皮肤病
692,产褥病率
693,网红焦虑症
694,频发室性早搏
695,鸟枪弹样视网膜脉络膜
696,帕金森病性痴呆
697,兔瘟
698,老年人慢性疾病性贫血
699,原发性小睾症
700,白菜类蔬菜黄叶病
701,小儿休克
702,小儿内脏幼虫移行症
703,原发性混合型冷球蛋白
704,中心型肺癌
705,职场红毯病
706,儿童多动综合征
707,猪蜂窝织炎
708,胃肠胀气
709,延宕症
710,猪钙磷缺乏症
711,Zieve综合征
712,胞痹
713,妊娠性鼻炎
714,ODDI括约肌功能异
715,绝经期关节炎
716,急性化脓性颌骨骨髓炎
717,硅谷综合症
718,禽葡萄球菌病
719,猪脓肿
720,肾源性尿崩症
721,口臭病
722,善恐
723,先天性食管重复
724,旅游精神综合症
725,脾虚生风
726,斯蒂尔病
727,牙出血
728,第三届北京国际神经病
729,音乐强迫症
730,小儿急性心力衰竭
731,牛传染性角膜炎
732,东方马型脑炎
733,轴性遗忘症
734,咽喉溃疡
735,黄曲霉素中毒
736,人乳头瘤病毒感染
737,脊灰炎
738,囊性肿瘤
739,鱼病
740,人禽流行性感冒
741,宫外孕
742,糖尿病性皮肤病
743,进行性指掌角皮症
744,色视症
745,急性坏死性肠炎
746,春季抑郁症
747,白菜细菌性叶斑病
748,乳头肌功能不全
749,阴道美丽筒线虫病
750,宫腔粘连综合征
751,髋关节脱位
752,卵巢功能早衰症
753,心理感冒
754,糖尿病肾脏病变
755,泌尿生殖系真菌病
756,水疱性远端指炎
757,疱症
758,芥蓝细菌性软腐病
759,白鼻综合征
760,甲胎蛋白AFP
761,马立克病
762,心功能障碍
763,病态造血
764,营养性巨幼细胞贫血
765,青春前期牙周炎
766,念珠菌症
767,巨大胎儿
768,坏死性肠炎
769,卡波济肉瘤
770,眶脑膜瘤
771,肯尼迪氏症
772,耐药白血病
773,周围性软骨肉瘤
774,肥气
775,心丝虫
776,纤维性肌痛综合症
777,肾性氨基酸尿
778,妊娠高血压综合症
779,猪副伤寒
780,福尔马林中毒
781,幼女阴道炎
782,骨质疏松综合症
783,风湿痛
784,加利福尼亚脑炎
785,常染色体显性遗传病
786,犬外耳炎
787,贝赫切特氏综合症
788,血气胸
789,类前列腺炎综合症
790,特发性婴儿动脉硬化
791,听觉失认症
792,喉良性肿瘤
793,传染性喉气管炎
794,脊髓性肌萎缩
795,肾积水
796,多胎
797,小儿病毒性脑炎
798,早期骨癌
799,对眼
800,组织细胞纤维瘤
801,轮廓胎盘
802,Sturge-Web
803,特发性迟发性免疫球蛋
804,偏二甲肼基中毒
805,症状性精神病
806,细颈囊尾蚴病
807,轻度肝硬化
808,沙蚤病
809,急性期精神分裂症
810,噎膈病
811,色素失调症
812,儿童肝炎
813,副肿瘤性斜视性眼肌阵
814,小儿回盲肠综合征
815,儿童急性淋巴细胞性白
816,口腔粘膜疾病
817,原发性肝内硬化综合征
818,结核性角膜病变
819,颈肩腕综合征
820,多发性骨骺发育不良
821,咽畸胎瘤
822,间歇性妄想症
823,脊髓脑桥变性
824,不动纤毛综合征
825,肝积
826,原发气管支气管肿瘤
827,盘源性腰疼
828,郎格罕细胞组织细胞增
829,膀胱害羞症
830,良性前列腺增生
831,外阴隆凸性皮肤纤维肉
832,新生儿湿疹
833,腿梗
834,龋洞
835,Perthes病
836,糖尿病性肾病
837,急性子宫颈炎
838,伏暑病
839,猪炭疽病
840,急性中耳炎
841,甜瓜果腐病
842,皮肤癌
843,ACG综合症
844,先天性尺桡骨性连接
845,卵巢肿瘤
846,结直肠癌
847,茄子煤斑病
848,铬鼻病
849,西安公立三甲神经疾病
850,小儿葡萄状肉瘤
851,子宫切除术后会阴疝
852,阳跷脉
853,足底筋膜炎
854,毛囊角化性鱼鳞病
855,产后遗尿病
856,婴儿坏疽性皮炎
857,薄肾小球基底膜病
858,经期恶露
859,菠萝过敏症
860,冠病毒肺炎
861,小儿高磷酸酶血症
862,鸡弯曲杆菌性肝炎
863,男性乳腺癌
864,柞蚕蛹脑病
865,短骨骨干结核
866,猫白血病
867,产后血晕
868,幽闭综合症
869,亚斯伯格综合症
870,低温烫伤
871,慢性肺炎
872,眼压高
873,女仆膝综合症
874,心悸病
875,内热
876,牙本质过敏症
877,颈椎枕病
878,慢性化脓性腮腺炎
879,先天性缺牙
880,新生儿感染性肺炎
881,肾淀粉样变
882,避孕后闭经综合征
883,老年人骨髓增生异常综
884,人流感
885,弗拉格综合症
886,反向斜视
887,足跟骨骨刺
888,原发性限局性皮肤淀粉
889,强人强迫症
890,吸吮线虫病
891,乳头状汗腺腺瘤
892,紫苏锈病
893,小儿遗尿病
894,成人呼吸窘迫综合征
895,儿童外阴炎
896,甲型肝炎症
897,脾虚湿困
898,产褥期精神病
899,心因性阳痿
900,药物性皮炎
901,环状外阴炎
902,马病毒性动脉炎
903,恋爱病
904,小儿梅克尔憩室
905,早期性肝硬化
906,外阴硬化性苔癣
907,禽肠道螺旋体病
908,胃息肉
909,副牛皮癣
910,射精困难症
911,诺沃克类病毒胃肠炎
912,功能失调性子宫出血病
913,小儿46-XY单纯性
914,散发性肺炎
915,非结核分枝杆菌肺病
916,文登阳光门诊部妇科炎
917,基质性角膜炎
918,原发性急性肾小球肾炎
919,肛周派杰病
920,Haff病
921,GARDNER综合症
922,椎间病
923,中枢神经兴奋药中毒
924,急性淋巴细胞性白血病
925,小儿消化性溃疡
926,吉尔克里斯特氏病
927,男性急性淋病
928,舌干
929,怔忡病
930,外伤性硬脑膜下积液
931,肝性卟啉病
932,女阴萎缩
933,睫状体平坦部炎
934,左肾囊肿
935,心痹
936,颌面部骨肉瘤
937,血友病甲
938,宝宝孤独症
939,肛周瘙痒
940,电光性皮炎
941,松皮癣
942,咽喉烧伤及化学伤
943,病毒特征
944,超级图解抑郁症
945,羊疥螨病
946,郎格细胞组织细胞增生
947,黄癣
948,牛羊传染性胸膜肺炎
949,创伤性骨髓炎
950,儿童忧郁症
951,猪蛔虫病
952,红外线伤
953,化脓性血栓性静脉炎
954,多重人格疾患
955,感染性甲状腺炎
956,野猪黄痢病
957,川崎氏病
958,感染性精神病
959,犬不育症
960,急喉风病
961,淋巴细胞间质性肺炎
962,真性近视
963,妈咪病
964,子宫肌腺炎
965,前列腺增生
966,牛传染性脑膜脑炎
967,静脉血栓性疾病
968,继发性女阴过度角化
969,宫颈糜烂3度
970,小儿播散性脂肪肉芽肿
971,鸡痛风症
972,小便余沥
973,慢性龋齿
974,肝纤维板层癌
975,包皮水肿
976,感染性急性小管间质性
977,后天获得性弓形虫病
978,三阳病
979,非01霍乱弧菌肠炎
980,急淋
981,横纹肌肉瘤
982,遗传性纤维蛋白原缺乏
983,特发性面神经麻痹
984,猪鞭虫病
985,慢性粘连性心包炎
986,肝硬化肝功能失代偿期
987,急性颌骨骨髓炎
988,中枢神经系统白血病
989,巨幼细胞贫血
990,炎症相关性青光眼
991,完全抗药性肺结核
992,顽固性肝腹水
993,腹肌缺如综合征
994,地方性密螺旋体病
995,尘肺职业病
996,脾曲综合征
997,黄汗病
998,柑橘煤烟病
999,急性出血性坏死性小肠
1000,小儿脑炎
1001,乳房疾病
1002,放射性甲状腺疾病
1003,兔粘液瘤病
1004,眼睛亚健康
1005,神经母细胞瘤
1006,胆道华支睾吸虫病
1007,灼口综合症
1008,先天性脑血管畸形
1009,跟骨刺病
1010,自身免疫病
1011,瓠子白粉病
1012,猪轮状病毒病
1013,药用植物桂花炭疽病
1014,原发性慢性肾小球肾炎
1015,禽呼肠孤病毒感染
1016,抑郁性焦虑症
1017,血红蛋白C病
1018,瑞氏综合症
1019,羊瘙痒症
1020,肌筋膜炎
1021,颈椎后脱位
1022,口形红细胞增多症
1023,近视前驱综合症
1024,绿脓假单胞菌属感染
1025,混合性厌氧菌感染
1026,Alport综合症
1027,老年人急性淋巴细胞白
1028,自我强迫症
1029,猫抓热
1030,先天性鼻咽部狭窄及闭
1031,小肠吸收不良综合征
1032,淋巴滤泡
1033,脐尿管瘘
1034,犬细小病毒病
1035,猪肺线虫病
1036,威廉氏综合症
1037,焦炉逸散物所致肺癌
1038,不眠症
1039,移植后淋巴增殖性疾病
1040,过敏性紫癜性肾炎
1041,猪恶性水肿
1042,成软骨细胞瘤
1043,眼酸硷化学伤
1044,肺动脉高血压
1045,巨食症
1046,扁豆子叶和成株炭疽病
1047,行尸综合征
1048,猪八字腿
1049,颈动脉粥样硬化
1050,慢性妇科炎症
1051,前列腺疼痛
1052,转筋
1053,兔泰泽氏病
1054,原发性椎管内肿瘤
1055,心肌梗塞并发心室间隔
1056,全身性发疹性组织细胞
1057,菜用大豆斑驳病毒病
1058,六鞭原虫病
1059,单纯型腺性唇炎
1060,外伤后反应性精神病
1061,番茄煤污病
1062,内分泌性眼外肌肌病
1063,巨趾症
1064,营养不良性钙化
1065,猿类艾滋病
1066,妊娠合并尿石症
1067,点状骨骺发育异常
1068,口臭嗳腐
1069,脑室内出血
1070,小儿吉兰-巴雷综合征
1071,类球孢子菌病
1072,婴儿肝炎综合征
1073,四氯化碳中毒
1074,血栓性疾病
1075,急性肾上腺皮质功能减
1076,禽癣病
1077,胆碱性荨麻疹
1078,绒毛膜癌症
1079,过敏性鼻窦炎
1080,桡管综合征
1081,周边葡萄膜炎
1082,猪食道口线虫病
1083,外科皮脂腺囊肿
1084,猪旋毛虫病
1085,女性梅毒
1086,人工性皮炎
1087,周一忧郁症
1088,情绪中暑
1089,妊娠合并慢性肾小球肾
1090,睥翻粘睑
1091,电脑视觉综合症
1092,plummer-Vi
1093,肺胸膜阿米巴病
1094,微小核糖核酸病毒性角
1095,禀赋不足
1096,牙医恐惧症
1097,肝肉芽肿病
1098,球后视神经炎
1099,马尾神经综合征
1100,大肠杆菌肺炎
1101,小儿原发性血小板减少
1102,窦性心律过缓
1103,易服癖
1104,尿潜血
1105,阿米巴痢疾
1106,粘液瘤病毒
1107,双肾囊肿
1108,急性失血性贫血
1109,产后肛裂
1110,猪维生素B1缺乏症
1111,食管克罗恩病
1112,板层性鱼鳞病
1113,阴道上皮内瘤样变
1114,先天性巨细胞包涵体病
1115,视网膜中央静脉血栓
1116,鸡传染性喉气管炎
1117,芝麻叶枯病
1118,铁粒幼细胞性贫血
1119,人格解体-现实解体综
1120,遗传性近视
1121,巩膜上皮炎
1122,牛关节周围炎
1123,产后尿血病
1124,职业暴露
1125,鸡白血病
1126,牛羊双腔吸虫病
1127,神经性暴食症
1128,网膜扭转
1129,医生恐惧症
1130,内分泌病
1131,真菌性巩膜炎
1132,焦虑综合征
1133,良性高血压病
1134,原位溶血
1135,猫肺炎
1136,应激性糖尿病
1137,妊娠滋养细胞癌
1138,小儿韦格纳肉芽肿
1139,克隆氏病
1140,醛固酮瘤
1141,丧偶综合症
1142,朱秀华[京东誉美肾病
1143,抽动障碍
1144,女阴湿疹
1145,外阴白癜风
1146,腰椎骨结核
1147,克雅二氏病
1148,Wegner肉芽肿伴
1149,番鸭曲霉病
1150,毛囊角化
1151,广州仁爱医院皮肤性病
1152,乳房扁平
1153,低体温症
1154,军刀综合征
1155,组织胞浆菌病
1156,高原病
1157,红皮症性毛囊粘蛋白病
1158,羔羊土拉杆菌病
1159,上消化道大量出血
1160,心境恶劣障碍
1161,肥胖性脂肪肝
1162,水样白带
1163,外阴炎症
1164,非冻结性冷伤
1165,播散性血管内凝血
1166,单细胞综合症
1167,原发性食管恶性淋巴瘤
1168,退行性脊椎滑脱
1169,牛醋酮血病
1170,乳腺导管扩张
1171,衣原体感染症
1172,阳光型抑郁症
1173,察布查尔病
1174,中心性视网膜脉络膜炎
1175,热带病
1176,含珠菌病
1177,阴茎结核
1178,撤退性子宫出血
1179,卢·格里克病
1180,豇豆红斑病
1181,高压病
1182,多囊卵巢综台征闭经症
1183,光接触性皮炎
1184,融血
1185,脉络膜视网膜炎
1186,小儿结核
1187,WAS综合症
1188,卵巢支持-间质细胞瘤
1189,牛羊片形吸虫病
1190,肝结石
1191,中心性视网膜炎
1192,家族性肥胖
1193,牛羊狂犬病
1194,羽毛恐惧症
1195,犬布氏杆菌病
1196,主动脉瓣疾病
1197,犬口炎
1198,猪棘头虫病
1199,植物神经系统疾病
1200,喉白斑病
1201,慢性化脓性胸膜炎
1202,冬季抑郁症
1203,尿毒症
1204,注意力不足过动症
1205,鸡慢性呼吸道病
1206,小儿流行性感冒
1207,假性性早熟
1208,肠源性紫绀
1209,人造疾病
1210,肠绦虫病
1211,钩蚴皮炎
1212,牛子宫内膜炎病
1213,考前焦虑症
1214,恋童症
1215,细菌性疾病
1216,节瓜褐腐病
1217,老年脑萎缩
1218,婴幼儿上呼吸道感染
1219,小儿夹腿综合症
1220,肝胆湿热型口臭
1221,子宫腺肌疾病
1222,肺心病
1223,拔毛发癖
1224,渗出性心包炎
1225,艾灸穴位
1226,豇豆黑眼豇豆花叶病毒
1227,任脉病
1228,外照射慢性放射病
1229,老年急性心肌梗死
1230,气管狭窄
1231,孟乔森综合症
1232,水痘性角膜炎
1233,开放性手外伤
1234,牛泰勒焦虫病
1235,人为性皮炎
1236,外阴白斑病
1237,手机恐惧症
1238,肺、胸膜阿米巴病
1239,外耳道疖
1240,梅核气
1241,间充质软骨肉瘤
1242,猪肺炎
1243,日光恐惧症
1244,岳母恐惧症
1245,索罗斯综合症
1246,科塔尔综合症
1247,牛羊脑炎及脑膜炎
1248,兔密螺旋体病
1249,外寒内热
1250,绵羊梅迪一维斯纳病
1251,急性肾功能衰竭
1252,灰黑苔
1253,鸡组织滴虫病
1254,同盘吸虫病
1255,新生儿败血症
1256,肺良性淋巴细胞血管炎
1257,丘疹紫癜性手套和短袜
1258,马传染性子宫炎
1259,高原心脏病
1260,鸭坏死性肠炎
1261,原发不孕
1262,职场压力
1263,面肩肱型肌营养不良症
1264,黏多糖贮积症Ⅴ型
1265,肠道易激综合症
1266,隐匿性阴茎
1267,慢性鼻炎
1268,醛固酮增多症
1269,脓毒败血症
1270,先天性卵巢发育不全综
1271,过敏性鼻炎咳嗽
1272,关格病
1273,lyme病
1274,肠上皮化生
1275,女性心理需求
1276,利斯特菌病
1277,外源性变应性肺泡炎
1278,假膜性小肠结肠炎
1279,无症状型心肌缺血
1280,髋关节滑膜炎
1281,兽皮痣
1282,乳房囊性增生
1283,貂克雷伯氏菌病
1284,脊髓灰质炎后遗症
1285,动脉硬化性闭塞症
1286,粒性白细胞缺乏性咽峡
1287,马传染性鼻肺炎
1288,过敏性鼻结膜炎
1289,乳房缺少症
1290,气道炎症
1291,睾丸附件扭转
1292,原发性高血压病
1293,卵巢机能衰退
1294,小儿单纯性肥胖症
1295,乙型肝炎抗原血症
1296,出血性炎
1297,疑病性神经症
1298,失禁相关性皮炎
1299,小儿房间隔缺损
1300,急性造血功能停滞
1301,猪放线菌病
1302,流产感染
1303,小儿地方性克汀病
1304,小儿慢性肾功能衰竭
1305,脑肝肾综合征
1306,抗菌药中毒性肾病
1307,类鼻疽杆菌肺炎
1308,丘疱疹
1309,花柳病
1310,疣状
1311,获得性循环抗凝物质增
1312,输卵管癌
1313,芝麻疫病
1314,肝毛细线虫病
1315,溃疡性肠炎
1316,视神经损害
1317,先天性肺动脉狭窄
1318,嗜性癖
1319,传染病
1320,落葵茎基腐和茎腐病
1321,地中海贫血症
1322,禽亚利桑那菌病
1323,中浆病
1324,咽部瘢痕狭窄
1325,内脏动脉慢性闭塞
1326,乙状结肠间疝
1327,鹅副粘病毒病
1328,着色霉菌病
1329,十二指肠重复畸形
1330,抱头火丹
1331,肝火旺盛
1332,平滑骨肉瘤
1333,消化道出血
1334,牙龈囊肿
1335,皮肤白斑
1336,沙漠疮
1337,小肠平滑肌瘤
1338,小儿白细胞黏附分子缺
1339,大蒜红根腐病
1340,心脏内粘液瘤
1341,深海恐惧症
1342,热水恐惧症
1343,肺腺癌
1344,过敏性结肠炎
1345,三硝基甲苯白内障
1346,经前期鼻炎
1347,气厥病
1348,紫癜肾
1349,罹患癌症
1350,过敏性荨麻疹
1351,老年性痴呆
1352,柑橘裂皮病
1353,生理性增生
1354,结核性风湿症
1355,泄殖腔外翻
1356,大疱性皮肤病
1357,体液免疫缺陷
1358,葡萄褐点病
1359,缺钙
1360,炎性息肉
1361,Reiter病
1362,膈上食管憩室
1363,咽部创伤
1364,猪呼吸道疾病综合症
1365,伪膜性结肠炎
1366,局限性硬皮病
1367,年龄恐惧症
1368,幽居病
1369,退行性病变
1370,恋爱胆怯症
1371,儿科病
1372,女性的青春期延迟
1373,脑垂体微腺瘤
1374,穿腹膜疝
1375,冲浪者结节
1376,输尿管炎
1377,白眼病
1378,痛性肌痉挛
1379,毛囊角质化
1380,心因性反应症
1381,主动脉钙化
1382,狗流感
1383,猪膀胱炎
1384,返流性食管炎
1385,多种抽动综合征
1386,李斯德氏菌病
1387,猪腹膜炎
1388,龅牙
1389,甜菜细菌性斑枯病
1390,多发性胆囊息肉
1391,行尸综合症
1392,牛肺结核病
1393,肝炎杆菌肺炎
1394,咳嗽病
1395,老年脂肪肝
1396,秋燥
1397,急性嗜酸性粒细胞性肺
1398,耶尔森菌肠炎
1399,进行性系统性硬化症
1400,鼻源性颅内并发症
1401,兔病毒性出血症
1402,获得性肥胖症
1403,先天自愈性朗格汉斯组
1404,四环素牙
1405,脊柱相关病
1406,感染性甲沟炎
1407,地方性甲状腺肿
1408,创伤性耳聋
1409,猪胃虫病
1410,先天性肛门闭锁
1411,重叠综合症
1412,边界病
1413,肌肉减少症
1414,脂蛋白肾小球病
1415,小儿继发性免疫缺陷病
1416,自我意识障碍
1417,牛羊痘病
1418,猪大肠杆菌病
1419,伤口肉毒症
1420,小儿乳蛾
1421,嗜酸性细胞增多症
1422,伴瘤内分泌综合征
1423,小儿呕吐病
1424,猪蓖麻中毒症
1425,妊娠咳嗽
1426,硬皮症伴发的精神障碍
1427,大楼病综合征
1428,中枢换气不足综合症
1429,卓-艾二氏综合症
1430,眼病
1431,精液囊肿
1432,怕冷症
1433,小儿囊性纤维性变
1434,全身瘙痒症
1435,砷皮肤病
1436,马胃虫病
1437,家兔出血性败血症
1438,急性哺乳期乳腺炎
1439,眶蜂窝组织炎
1440,氨中毒
1441,脆性X染色体综合症
1442,腺肌病
1443,猪附红细胞体
1444,先天性主动脉瓣窦动脉
1445,地方性呆小病
1446,生理性贫血
1447,先天性长结肠
1448,姿态性腰腿痛
1449,血热崩漏
1450,梅迪-维斯纳病
1451,手脱皮
1452,血源性骨髓炎
1453,脑垂体肿瘤
1454,先天性食管憩室
1455,溶血尿毒综合症
1456,化脓性扁桃体炎
1457,心性猝死综合征
1458,情感依赖症
1459,鱼痣
1460,猪空肠弯曲菌病
1461,猪肾炎
1462,脚背腱鞘囊肿
1463,静脉曲张症
1464,胆总管囊肿
1465,汗管瘤
1466,遗传性乳光牙
1467,遗传性疾病
1468,慢性结直肠炎
1469,喉部麻风
1470,寻常性鱼鳞病
1471,子宫偏小
1472,儿童鼻窦炎
1473,重大动物疫病
1474,衣原体阴道炎
1475,咽部狼疮
1476,禽顶辐孢霉病
1477,猪硒缺乏症
1478,额颞痴呆
1479,传染性肝炎
1480,残角子宫
1481,不典型类风湿性关节炎
1482,皮损
1483,禽副伤寒
1484,皮肤结核病
1485,电脑性皮炎
1486,扁桃腺炎
1487,大肠热
1488,突发性耳聋
1489,化学性眼病
1490,儿童牛皮癣
1491,先天性肌缺如
1492,猪乙型脑炎
1493,Meigs综合征
1494,东方眼虫病
1495,腕隧道综合症
1496,狗窝咳
1497,右室双腔心
1498,牙瘘管
1499,子宫内膜炎
1500,主动失眠
1501,接触性睑皮炎
1502,牙龈炎
1503,猪菜籽饼中毒
1504,盆底痉挛综合症
1505,内风湿
1506,滴虫阴道炎
1507,花粉病
1508,蛇缠身
1509,先天性黑矇症
1510,虫癌
1511,圈癣
1512,双乳腺低回声结节
1513,头部牛皮癣
1514,眶假瘤
1515,牛皮癣性关节炎
1516,原发性高脂蛋白血症与
1517,慢性炎症
1518,慢性输卵管卵巢炎
1519,假小叶
1520,双表型急性白血病
1521,牙齿缺失
1522,精神残疾
1523,急性胃炎
1524,溃疡病大出血
1525,猪结肠小袋虫病
1526,朊蛋白感染疾病
1527,莙荙菜黑脚病
1528,马流行性淋巴管炎
1529,阴道子宫内膜间质肉瘤
1530,肺曲霉菌病
1531,单侧关节突关节脱位
1532,多重人格症
1533,敏感性鼻炎
1534,水泡型脚气
1535,原发性血小板减少性紫
1536,髌骨关节炎
1537,乙肝肾炎
1538,结膜干燥症
1539,左边脸颊长痘
1540,类白血病反应
1541,Bloom综合症
1542,牙龈出血
1543,臂丛神经牵拉实验
1544,鼻中膈偏曲
1545,稻农皮炎
1546,尿道损伤
1547,婚姻幽闭症
1548,减压症
1549,肝片吸虫病
1550,桃树轮纹病
1551,病毒性皮肤病
1552,气血不足
1553,卵巢残余综合征
1554,感染性皮肤病
1555,鸡传染性发育障碣综合
1556,牙根发炎
1557,先天性肠旋转异常
1558,腹膜后腔液体渗病
1559,副肿瘤综合症
1560,颌下腺炎
1561,直肠腺癌
1562,鼻翼两侧脱皮
1563,急性上呼吸道感染
1564,酒精性弱视
1565,女性前列腺
1566,场所恐惧症
1567,乳疼症
1568,化脓性子宫内膜炎
1569,不完全流产
1570,小儿急性肺炎
1571,猪T-2毒素中毒
1572,紧张性腹泻
1573,甜菜霜霉病
1574,喉白喉
1575,橘黄病
1576,鳞屑性睑缘炎
1577,浅龋
1578,大疱性表皮松懈症
1579,支气管哮喘病
1580,霉菌性阴道炎症
1581,妊娠合并甲状腺功能亢
1582,肾功能不全
1583,非特异性病毒性疾病
1584,产后子宫复旧不全
1585,妊娠舞蹈病
1586,半侧颜面萎缩症
1587,阴囊尖锐湿疣
1588,病毒性腮腺炎
1589,腹壁血栓性静脉炎
1590,软产道异常性难产
1591,胶质细胞瘤
1592,黏多糖贮积症Ⅰ型
1593,低丙种球蛋白血症
1594,猪衣原体病
1595,胰岛素抵抗与代谢综合
1596,宫颈内膜炎
1597,肺痨
1598,肘关节结核
1599,根尖周囊肿
1600,汗疱疹
1601,外阴急性蜂窝组织炎
1602,小儿嘌呤核苷酸磷酸化
1603,购物强迫症
1604,淫乐杀人症
1605,曲霉性鼻窦炎
1606,尺骨撞击综合症
1607,环枕筋膜挛缩型颈椎病
1608,舞蹈病
1609,眼睛充血
1610,耳源性颅内并发症
1611,咽痉挛
1612,老年期抑郁障碍
1613,老年人大便失禁
1614,泄泻病
1615,猪维生素A缺乏症
1616,牛奶咖啡斑
1617,雷尔氏综合症
1618,冻创
1619,体质性肥胖症
1620,高碘性甲状腺肿
1621,注意力缺失症
1622,血气不足
1623,急性肠系膜上静脉血栓
1624,Austin型幼儿脑
1625,新生儿生理性黄疸
1626,多因子病
1627,白菜类猝倒病
1628,变质甘蔗中毒
1629,暴泻
1630,论坛综合症
1631,桡骨头脱位
1632,无晶状体眼
1633,气压伤性鼻窦炎
1634,牛皮癣关节炎
1635,既往史
1636,肖相如论治肾病
1637,肾周围脓肿
1638,气栓
1639,玻璃晶体浑浊
1640,溶骨病
1641,综合症
1642,化脓性盆腔血栓静脉炎
1643,褶烂
1644,轻度白内障
1645,犬瘟热病
1646,Simond综合症
1647,股臀皮肤血管炎
1648,猪密螺旋体痢疾
1649,禽伤寒
1650,光化性角化病
1651,乳腺小叶增生症
1652,颞颌关节炎
1653,淋巴结-胆道综合征
1654,涎腺的未分化癌
1655,卡斯钦-贝克病
1656,二叶主动脉瓣
1657,过敏性荨麻诊
1658,ABO溶血病
1659,小儿先天性侏儒痴呆综
1660,慢性盆腔炎
1661,慢性甲沟炎
1662,单纯性牙周炎
1663,弹震症
1664,染发性皮炎
1665,骨外尤文氏瘤
1666,女性炎症
1667,老年人支原体肺炎
1668,韧带破裂
1669,脑疲劳综合症
1670,急性甲状腺炎
1671,产后便秘
1672,肛癣
1673,加特纳菌性阴道炎
1674,猪黄曲霉毒素中毒
1675,职场攀比症
1676,化脓性胸膜炎
1677,嗜酸粒细胞性胃肠炎
1678,睾丸静脉曲张
1679,皮肤黑热病
1680,Gaucher病
1681,哮喘发作
1682,热带嗜酸细胞增多肺炎
1683,老年再生障碍性贫血
1684,异己手综合症
1685,外源性过敏性肺泡炎
1686,牛羊支气管炎
1687,针灸治疗肩周炎
1688,严重复合型免疫缺乏症
1689,世界杯后遗症
1690,全植物神经功能不全
1691,疾病保险
1692,小细胞肺癌
1693,播散性复发性漏斗部毛
1694,工业性氟病
1695,胰腺多肽瘤
1696,骨血管内皮细胞瘤
1697,急性腰扭伤
1698,枫糖尿病
1699,缺水和缺钠
1700,婴幼儿外阴炎
1701,禽结核病
1702,肾硬化症
1703,腰椎不稳症
1704,初生不啼
1705,感染性心肌炎
1706,擦伤
1707,偏侧萎缩症
1708,严重联合免疫缺陷病
1709,维生素B1缺乏神经病
1710,变态反应性结膜炎
1711,子宫积液
1712,肌强直性营养不良症
1713,猪软骨病
1714,桥本氏脑病
1715,汗斑
1716,肛门直肠疾病
1717,氯甲醚所致肺癌
1718,猪铜缺乏症
1719,牙龈纤维瘤病
1720,猪伪裸头绦虫病
1721,梅毒性心脏血管病
1722,半身不遂
1723,布氏杆菌红斑
1724,肺嗜酸性粒细胞浸润症
1725,壶菌病
1726,肺毛霉病
1727,蛋中毒
1728,羟基镍中毒
1729,蛲虫病
1730,股骨颈骨折
1731,耳鼻咽喉创伤
1732,菌核病
1733,老年人牙龈炎
1734,猪恶性水肿病
1735,TURP综合征
1736,头皮及颅骨烧伤
1737,鸡肌胃糜烂症
1738,猫免疫缺陷病毒病
1739,UGG步
1740,脑白质疏松症
1741,伯氨喹啉型溶血性贫血
1742,脏手病
1743,急性渗出性胸膜炎
1744,包裹性积液
1745,家兔传染性鼻炎
1746,小棘状毛壅病
1747,脑积水后遗症
1748,浆液性炎
1749,乳头血性溢液
1750,乳头溢液
1751,禁忌症
1752,明明白白看高血压病
1753,韦格氏肉芽肿
1754,先天性短食管
1755,女性尿道综合症
1756,老年银屑病
1757,肱骨远端全骺分离
1758,坏疽性皮炎
1759,病理性肥胖
1760,昆虫恐惧症
1761,蛋白丧失胃肠综合征
1762,吐血病
1763,单纯性肺嗜酸性粒细胞
1764,扁豆枯萎病
1765,冠状动脉疾病
1766,幽门梗阻
1767,咯血病
1768,西尼罗病毒
1769,斯德哥摩尔综合症
1770,畸形中央尖
1771,内脏绞痛
1772,鸡传染性脑脊髓炎
1773,贫血性心脏病
1774,慢性非传染性疾病
1775,连体双胞胎面肩胛肱型
1776,脖子痛
1777,A(H1N1)型流感
1778,瓷娃娃病
1779,死胎不下
1780,新生儿贫血
1781,肛门癣
1782,骨盆癌
1783,老年遗忘症
1784,急性龋齿
1785,肠伤寒
1786,粘液表皮样肿瘤
1787,视网膜毛细血管瘤
1788,甲状旁腺功能减退性心
1789,儿童葡萄膜炎
1790,系统性接触性皮炎
1791,情绪感冒
1792,亨廷顿舞蹈病
1793,血小板无力症
1794,远端型肾小管酸中毒
1795,DF-2败血症的皮肤
1796,透明丝孢霉病
1797,肺炎链球菌肺炎
1798,中风后遗症
1799,女性假两性畸形
1800,创伤性心源性溶血性贫
1801,理财焦虑症
1802,气淋病
1803,鸽血变原虫病
1804,恋老人癖
1805,一号病
1806,阿米巴性宫颈炎
1807,猪传染性胸膜肺炎
1808,鸭儿芹霜霉病
1809,中医治未病
1810,鸡泛酸缺乏症
1811,特发性肺间质性纤维化
1812,刺毛虫皮炎
1813,洋葱假单胞菌肺炎
1814,睾丸疝气
1815,倒睫卷毛病
1816,鸭伪结核病
1817,心脏重构
1818,Parkinson病
1819,支原体感染
1820,经前紧张症
1821,尺骨干骨折
1822,Simond病
1823,妊娠阑尾炎
1824,妇科瘘管病
1825,INPH
1826,口腔疾病
1827,更年期精神病
1828,关于常见病
1829,小儿惊风
1830,巯甲丙脯酸肾损害
1831,肛肠脱垂
1832,腹股沟痒
1833,霉菌阴道炎
1834,眼弓形虫病
1835,根达综合症
1836,恋袜癖
1837,亚临床甲亢
1838,性功能障碍
1839,缺血性肠病
1840,鼠伤寒沙门氏菌肠炎
1841,黄斑变性
1842,鸡绿脓杆菌病
1843,原发性非调节性内斜视
1844,乳腺疾病
1845,恐甲症
1846,急性无黄疸型戊型肝炎
1847,前列腺囊肿症
1848,变应性血管炎
1849,脑膜刺激症
1850,婴儿及儿童期癫痫及癫
1851,弓形体病性巩膜炎
1852,肢端动脉痉挛病
1853,老年焦虑症
1854,脉络膜裂伤
1855,牛羊李氏杆菌病
1856,猪水肿病
1857,遗传精神病
1858,硬脑膜动静脉畸形
1859,A型肝炎
1860,十二指肠结核
1861,镰刀形红细胞贫血症
1862,肾胚胎瘤
1863,甲状腺肿瘤
1864,惧高症
1865,大豆黑痘病
1866,营养性缺铁性贫血
1867,尿道粘膜脱垂
1868,巧克力卵巢囊肿
1869,禽球虫病
1870,少儿孤独症
1871,恶性间皮瘤
1872,阴虚潮热
1873,牛网尾线虫病
1874,产碱杆菌肺炎
1875,外阴卡波西肉瘤
1876,急性肠梗阻
1877,严重肝病引起获得性凝
1878,冷感症
1879,髋关节积液
1880,血友病乙
1881,肝内钙化灶
1882,化妆性眼病
1883,矫牙
1884,失音症
1885,慢性荨麻诊
1886,动脉硬化性脑病
1887,离婚后遗症
1888,爱唐综合征
1889,厌氧菌败血症
1890,先天性囊状腺样畸形
1891,外照射亚急性放射病
1892,异常Y球蛋白血症
1893,小鹅瘟
1894,精神发育迟滞症
1895,老年阴道炎
1896,小儿肺结核
1897,朊毒体病
1898,肺组织细胞增生症
1899,视神经炎
1900,杜波伊斯组织胞浆菌病
1901,寇热肺炎
1902,外阴梅克尔细胞癌
1903,花翳自陷
1904,紫外线伤
1905,玫瑰糠疹治疗
1906,阴道闭锁
1907,湿热病
1908,斯德哥尔摩候群症
1909,牛巴氏杆菌病
1910,城市拥挤综合症
1911,周围神经
1912,咽部麻风
1913,男性小腹坠痛
1914,臂丛神经炎
1915,浮躁症
1916,眶下间隙感染
1917,进食障碍
1918,原发性颗粒性固缩肾
1919,面部过敏
1920,口腔黏膜疾病
1921,盆腔炎
1922,老年人尿崩症
1923,甲状腺性突眼
1924,老年肺炎
1925,硬纤维瘤
1926,埃勃斯坦畸形
1927,乳腺小叶增生
1928,心室自主心律
1929,群体性癔症
1930,颈突症
1931,小儿隐睾症
1932,睡眠麻痹综合症
1933,丝瓜绵腐病
1934,网络病
1935,直肠脱出
1936,汗热病
1937,麻疯病
1938,手廯
1939,雷诺氏病
1940,鼻腔癌
1941,磷缺乏病
1942,早期白血病
1943,暑期焦虑症
1944,失忆症
1945,青花菜角斑病
1946,嫌色细胞癌
1947,慢性胃溃疡
1948,严重急性呼吸道综合症
1949,扁皮尤
1950,睑内翻倒睫
1951,中风
1952,尿毒症性多发性神经病
1953,囊腺瘤
1954,原发性心脏横纹肌肉瘤
1955,电脑视力综合症
1956,血液传染病
1957,少儿葡萄膜炎
1958,假性尿失禁
1959,习惯性失眠
1960,尺桡骨干骨折
1961,猪痢疾
1962,主动脉肠道瘘
1963,局限型间皮瘤
1964,老年痛风
1965,圣维特斯舞蹈症
1966,堕胎病
1967,乙肝小三阳
1968,小儿X-连锁严重联合
1969,肾前性肾功能衰竭
1970,恶劣心境
1971,多发性硬化伴发的葡萄
1972,羊毛工病
1973,颈椎病临床分型
1974,前列腺炎综合症
1975,新生儿低血糖症与高血
1976,内痔
1977,咽喉恶性肿瘤
1978,闭塞性周围动脉粥样硬
1979,先天性肛门直肠狭窄
1980,Wallenberg
1981,一般性卵巢肿瘤
1982,分泌过多性青光眼
1983,男士产后抑郁症
1984,肢体无力
1985,瓜藤缠
1986,鸡吸虫病
1987,鸡疏螺旋体病
1988,幼年型类风湿关节炎
1989,急性淤胆型肝炎
1990,鸡结核病
1991,躁狂症
1992,久疟
1993,霍乱样综合征
1994,大理石样骨
1995,职业性中毒性肝病
1996,解密癌症
1997,儿童结核性脑膜炎
1998,黏多糖症
1999,卵形巴贝斯虫病
2000,角膜圆锥
2001,化学性肝损伤
2002,喉气管食管裂
2003,大骨关节病
2004,鹦鹉热衣原体肺炎
2005,动静脉畸形
2006,复发性阿弗它溃疡
2007,主动脉夹层
2008,胆总管癌
2009,胸膜肺炎
2010,牙齿外突
2011,骷髅疖
2012,急性脑病综合症
2013,婴儿奶粉恐慌症
2014,七价肺炎
2015,特殊学习技能发育障碍
2016,亚急性结节性游走性脂
2017,闭合性痘痘
2018,硬皮病
2019,电视综合征
2020,多发性肌炎和皮肌炎伴
2021,锤击伤
2022,面部皮肤过敏
2023,暗痫
2024,非洲马瘟
2025,食管梅毒
2026,办公室综合症
2027,鸡滑液囊支原体病
2028,月经性气胸
2029,听觉神经瘤
2030,林岛综合征
2031,禽脑脊髓炎
2032,猪弓形体病
2033,小儿水痘
2034,猫病毒性鼻气管炎
2035,牙釉质发育不全症
2036,剪刀步态
2037,同基因合子蛋白质C缺
2038,多囊肾病
2039,猪疝气
2040,天阉
2041,上眼皮松弛
2042,塞佛病
2043,腹痛病
2044,颌面部骨巨细胞瘤
2045,职业性喉病
2046,甜菜蛇眼病
2047,cml
2048,卡氏肺孢子虫病
2049,真空病
2050,外伤性脾破裂
2051,肛门湿疣
2052,淋菌性子宫内膜炎
2053,阴道嗜血杆菌性阴道炎
2054,胫骨平台骨折
2055,头痛病
2056,胃切除后胆汁返流性胃
2057,乳腺肿瘤
2058,卡肺囊虫肺炎
2059,饿怒症
2060,基因诊断学
2061,漏斗胸
2062,番鸭细小病毒病
2063,职业医学
2064,原位癌
2065,神经肽性肢端感觉异常
2066,迟发性皮肤卟啉症
2067,胃排空延迟
2068,延迟性过敏反应
2069,血管抑制性头晕
2070,连枷胸
2071,病毒性肾炎
2072,猪带绦虫病
2073,免疫性不孕
2074,犬感冒
2075,小丑恐惧症
2076,臀骱骨出
2077,氯乙酸中毒
2078,卵巢过度刺激综合症
2079,尿道创伤
2080,疰夏
2081,新生儿佝偻病
2082,肺不发育或发育不全
2083,老年人急性胰腺炎
2084,弥漫性恶性间皮瘤
2085,特发性功能性低血糖症
2086,幼年型关节强硬性脊椎
2087,家禽螺旋体病
2088,外阴假上皮瘤样增生
2089,硬化性肾小球肾炎
2090,老年白癜风
2091,杨梅毒
2092,猪瘟
2093,乳腺导管阻塞
2094,中毒性精神病
2095,氟骨病
2096,棉铃疫病
2097,阴道瘙痒
2098,艾丝病
2099,阴茎骨折
2100,强迫型精神病
2101,蜡油样骨病
2102,阿耳茨海默病
2103,绿脓杆菌性外耳道炎
2104,银杏中毒
2105,合并马蹄肾的腹主动脉
2106,女性高泌乳素血症
2107,尿道憩室
2108,左心室双出口
2109,犬角膜炎
2110,后十字韧带损伤
2111,子宫畸形
2112,落屑性红皮病
2113,虫咬性皮炎
2114,选择性缄默症
2115,三度龋齿
2116,禁断症
2117,睾丸囊肿
2118,脊髓性肌肉萎缩症
2119,颊间隙感染
2120,奔豚
2121,口腔炎
2122,足部风湿样关节炎
2123,牛膝叶斑病
2124,先天性主动脉缩窄
2125,小儿淀粉样变性病
2126,急性胃粘膜病变
2127,周围神经疾病
2128,猪便秘
2129,猪黑斑病甘薯中毒
2130,火鸡鼻气管炎
2131,无精子
2132,鱼胆中毒
2133,西瓜褐腐病
2134,湿热血燥
2135,单神经病
2136,酒精戒断综合征
2137,常年性过敏性鼻炎
2138,神经性低热
2139,走性舌炎
2140,淋病性关节炎
2141,新陈代谢疾病
2142,X联锁鱼鳞病
2143,跟骨刺
2144,外伤性乳房脂肪坏死
2145,无症状乙肝大三阳
2146,幼鸭白肌病
2147,败血性鼠疫
2148,距骨坏死
2149,乳糜回流障碍
2150,妊娠合并心房间隔缺损
2151,宫腔镜
2152,创伤后心理压力紧张综
2153,非结核性分枝杆菌关节
2154,脾胃虚
2155,多囊性卵巢
2156,先天性小耳及外耳道闭
2157,交替失明症
2158,肾母细胞癌
2159,遗传性铁粒幼细胞性贫
2160,冬寒菜菌核病
2161,黍霉点病
2162,空调肩
2163,韧带拉伤
2164,广泛性发育障碍
2165,水、电解质紊乱伴发的
2166,急性荨麻诊
2167,十二指肠先天性狭窄
2168,鸡传染性鼻炎
2169,月经病
2170,职业病
2171,肾周围炎
2172,膝关节内紊乱
2173,精液带血
2174,猪球虫病
2175,色素紫癜性皮炎
2176,皮肤链隔孢病
2177,间歇性癫痫
2178,更年期综合症
2179,类风湿性脊柱炎
2180,毕耳氏症候群
2181,球茎茴香灰斑病
2182,肺部疾病
2183,济南医院济南市职业病
2184,猪肾虫病
2185,牛腹膜炎
2186,肝炎双重感染
2187,内脏利什曼病
2188,异位皮脂腺
2189,雪盲症
2190,委中毒
2191,湿温
2192,足舟骨骨软骨病
2193,羰基镍中毒
2194,良性高血压性小动脉性
2195,白塞氏血管炎
2196,慢性筛窦炎
2197,胃病传染
2198,进行性肢端黑变病
2199,受虐癖
2200,蚕豆花叶病
2201,慢性气管炎
2202,小儿尖头并指趾综合征
2203,新生儿特发性主动脉钙
2204,周期性抑郁症
2205,特发性白斑
2206,骨盆狭小
2207,手脚脱皮病
2208,细菌阴道炎
2209,反分化软骨肉瘤
2210,牛皮癣
2211,T3型甲亢
2212,喉咽癌
2213,新生儿缺氧缺血性脑病
2214,冠状动脉异位起源
2215,屈光性近视
2216,泪器疾病
2217,胆道蛔虫病与肝蛔虫病
2218,腹壁间疝
2219,午饭恐惧症
2220,内照射放射病
2221,禽维生素A缺乏症
2222,恶性卵巢肿瘤
2223,老年肝硬化
2224,梅毒性葡萄膜炎
2225,尘肺
2226,水俣病
2227,中毒性高铁血红蛋白血
2228,胎儿肾积水
2229,禽住肉孢子虫病
2230,韦格纳肉芽肿性巩膜炎
2231,肝功能受损
2232,胼胝体发育不全症
2233,心梗
2234,父爱饥渴症
2235,产后发热病
2236,放射科肠炎
2237,乳房paget病
2238,周围神经病
2239,隐匿型肾炎
2240,喹乙醇中毒
2241,小孩遗尿
2242,非特异性间质性肺炎
2243,小儿泄泻病
2244,慢性喘息型支气管炎
2245,产后缺乳
2246,表皮样癌
2247,鼻中隔歪曲
2248,单纯疱疹性葡萄膜炎
2249,颈椎反弓
2250,犬心肌炎
2251,阿斯匹林不耐受三联症
2252,恐猫症
2253,近视眼手术后遗症
2254,甲状旁腺骨营养不良
2255,莫旺氏综合征
2256,先天性痛觉不敏感合并
2257,唐纳氏综合症
2258,老年支气管哮喘
2259,原发性心肌炎
2260,SARS的胃肠道感染
2261,南瓜灰斑病
2262,儿童荨麻疹
2263,良性纤维组织细胞瘤
2264,休闲病
2265,外周动脉病变
2266,脓包症
2267,嗅神经母细胞瘤
2268,CBS[慢性脑综合征
2269,恶性血管内皮瘤
2270,血栓形成
2271,外阴恶性纤维组织细胞
2272,化脓性葡萄膜炎
2273,阴囊脱皮
2274,缺血性股骨头坏死
2275,紫纹
2276,抽动秽语综合症
2277,色素性视网膜炎
2278,悬饮
2279,糟皮病
2280,机械性损伤
2281,睾丸女性化
2282,单纯疱疹病毒性巩膜炎
2283,大颗粒淋巴细胞白血病
2284,三手病
2285,高山心脏病
2286,肺蛔蚴移行症
2287,青光眼睫状体炎危象综
2288,甲型H3N2流感
2289,乙肝并发症
2290,遗传性血管性水肿症
2291,卵巢黄体破裂
2292,脾阳虚
2293,鸡多病因呼吸道病
2294,腰部峡部崩裂和脊椎滑
2295,小儿嗜铬细胞瘤
2296,法洛氏三联症
2297,结肠炎
2298,椎弓结核
2299,GERD
2300,肺炎球菌肺炎
2301,爱迪生氏病
2302,猪湿疹病
2303,慢性细菌性痢疾
2304,季节性抑郁症
2305,先天性后尿道瓣膜
2306,电视综合症
2307,热作用呼吸道综合征
2308,代谢综合症
2309,督脉
2310,办公楼综合症
2311,家兔鼓气病
2312,异常球蛋白血症
2313,肺栓塞和肺梗死
2314,葛雷克氏症
2315,呼吸道感染
2316,猪水疱性疹
2317,牙齿腐蚀
2318,热哮
2319,I型糖尿病
2320,齿状核红核苍白球路易
2321,耶尔森氏菌病
2322,短颈畸形
2323,肥厚性慢性鼻炎
2324,哮喘病
2325,感染症
2326,轻粉中毒
2327,小儿肾小管性酸中毒
2328,肺炎杆菌肺炎
2329,脑淀粉样血管病
2330,老人口臭
2331,艾滋恐怖症
2332,结核性苔藓
2333,乳腺病
2334,完美疲劳症
2335,宫颈囊肿疾病
2336,猪圆环病毒感染
2337,原发性肾病综合征
2338,选择性缄默失调症
2339,闭锁综合征
2340,结核性肠系膜淋巴结炎
2341,麻痹性睑外翻
2342,胃酸倒流
2343,肿头综合症
2344,非特异性心包炎
2345,普洛提斯症
2346,复发性髌骨脱位
2347,赖氏综合症
2348,高血压症
2349,菜姆病
2350,原发性血小板减少症
2351,药源性肺病
2352,大红肾
2353,终板炎
2354,急性单纯疱疹病毒性脑
2355,强直性肌营养不良症
2356,急性脊髓前角灰质炎
2357,急性病毒性脑炎
2358,花生酱粘在上腭恐惧症
2359,血吸虫性肝病
2360,持续性枕横位
2361,暴露焦虑症
2362,筋膜间隙综合征
2363,肺气虚
2364,墨菲斯征阳性
2365,非淋菌性阴道炎
2366,痣细胞痣
2367,神思间病
2368,下颈椎不稳症
2369,畸形性吞咽困难
2370,视网膜神经炎
2371,退行性变
2372,单发脑梗死性痴呆
2373,童年孤独症
2374,过敏性鼻炎症
2375,交通性脑积水
2376,整容上瘾症
2377,三联征
2378,囊肿型淋巴管瘤
2379,急性肾衰
2380,仔猪黄痢
2381,葡萄膜病
2382,急性粒细胞性白血病
2383,粪瘘
2384,醉油综合症
2385,冠状动脉狭窄
2386,莱特雷尔-西韦病
2387,克雷伯杆菌肺炎
2388,美人冷感症
2389,慢性过敏性鼻炎
2390,何杰金氏淋巴瘤
2391,阴囊湿疹
2392,外阴血吸虫病
2393,外伤性颈内动脉海绵窦
2394,光源性皮肤病
2395,甜瓜萎蔫病
2396,食物成瘾
2397,脑膜炎球菌血症
2398,犬肺吸虫病
2399,溶血尿毒症综合征
2400,视神经发育不良
2401,艾氏小杆线虫病
2402,晶状体过敏性色素膜炎
2403,溃疡性口炎
2404,反应性穿孔性胶原病
2405,玻璃体病
2406,镰状细胞肾病
2407,网膜原发性节段性梗死
2408,胰胆汁综合征
2409,鸡鼻气管鸟疫杆菌感染
2410,垂体性侏儒症
2411,眼外肌发育不全
2412,茄子叶霉病
2413,禽叶酸缺乏症
2414,食管过短
2415,火车心理焦虑症
2416,犬眼虫病
2417,心衰
2418,桃树细菌性穿孔病
2419,致命性家族性失眠症
2420,玫瑰癣
2421,急性输卵管卵巢炎
2422,运动病
2423,输尿管疾病
2424,急性单核细胞性白血病
2425,时髦病
2426,结节性脆发病
2427,番茄青霉果腐病
2428,翼状胬肉
2429,精液不液化
2430,腹型癫痫综合征
2431,低潜在抑制症
2432,宫寒不孕
2433,氯丙烯中毒
2434,嗜酸性细胞性肺炎
2435,注意力缺陷障碍症
2436,白疕病
2437,猪伪狂犬病
2438,Turner综合征
2439,雅各布病
2440,铅及其化合物中毒
2441,过敏鼻炎
2442,外阴鳞状细胞癌
2443,异形吸虫病
2444,小狗换肠子
2445,官场职业病
2446,慢性副鼻窦炎
2447,全前脑畸形
2448,伊氏锥虫病
2449,钒及其化合物中毒
2450,短信依赖症
2451,外阴恶性神经鞘瘤
2452,胃原性腹泻
2453,舞蹈手足徐动症
2454,卡他中耳炎
2455,小脑视网膜血管瘤病
2456,糙皮病
2457,胆肠内引流术后内疝
2458,视网膜毛细血管血管瘤
2459,牛轮状病毒病
2460,口腔异味
2461,高粱细菌性斑点病
2462,菠菜白锈病
2463,毛细血管扩张
2464,子宫内膜易位症
2465,外阴恶性淋巴瘤
2466,小舞蹈症
2467,右心室增大
2468,血丝虫病
2469,剃刀背
2470,鼻咽异物
2471,基本病理过程
2472,弓蛔虫病
2473,乳溢症
2474,维生素A缺乏神经病
2475,淋巴结发炎
2476,淋球菌感染
2477,小疝气
2478,先天性高免疫球蛋白E
2479,幼儿性阴道炎
2480,牛传染性鼻气管炎
2481,催乳素过高血症
2482,尼曼－匹克氏病
2483,遗传性血小板减少症
2484,胃粘膜上皮异型增生
2485,滴虫性包皮龟头炎
2486,单核细胞白血病
2487,胰头癌
2488,子淋病
2489,白塞病
2490,猪酒糟中毒
2491,囊肿
2492,天花病毒
2493,丙烯酰胺中毒
2494,子悬病
2495,遗传性细胞浆内体肌病
2496,急喉痹病
2497,肩部撞击症
2498,变应性口炎
2499,动脉炎
2500,霍奇金病
2501,眼干
2502,囊状支气管扩张
2503,月经期鼻衄
2504,严重急性呼吸道症候群
2505,猪拉稀
2506,骨膜性软骨肉瘤
2507,卡他性角膜炎
2508,疯狂购物症
2509,原发性精囊癌
2510,痛性抽搐
2511,主动脉瓣闭锁不全
2512,细菌性睾丸炎
2513,喉咽肿瘤
2514,职业性腰背痛
2515,肾精不足
2516,West综合征
2517,遗传性因子V缺乏症
2518,小儿克山病
2519,手机分离焦虑症
2520,小儿帕套综合征
2521,慢性睾丸炎
2522,腹腔间隙综合征
2523,脓血症
2524,水霉病
2525,PNH
2526,下丘脑疾病
2527,阴道横纹肌肉瘤
2528,阿佩尔氏综合症
2529,先天性白血病
2530,生殖器银屑病
2531,急性中毒性脑病
2532,蚕豆霜霉病
2533,男科手术技巧与并发症
2534,空虚综合症
2535,中毒性菌痢
2536,猪多发性浆膜炎与关节
2537,生长激素缺乏性侏儒症
2538,色素性化妆品皮炎
2539,克罗恩病关节炎
2540,牛羊产后瘫痪
2541,牛蓝舌病
2542,梨树腐烂病
2543,鸡维生素B2缺乏症
2544,乳房单纯囊肿
2545,菊池病
2546,输卵管积液
2547,结核性子宫内膜炎
2548,高危妊娠
2549,驽巴贝斯虫病
2550,眼弓首线虫病
2551,小腹痛
2552,肱骨外上髁炎
2553,猪锰缺乏症
2554,年终焦虑症
2555,女性口臭
2556,毒蘑菇中毒
2557,无排卵性功血
2558,原发综合征
2559,豆渣样白带
2560,结肠血管畸形
2561,鼻腔恶性黑色素瘤
2562,产后目病
2563,家族性淀粉样多发性神
2564,颅骨结核
2565,大白肾
2566,脂膜炎
2567,表层巩膜炎
2568,非火器性颅脑开放伤
2569,肺毛霉菌病
2570,急性全自主神经失调症
2571,小孩过敏性鼻炎
2572,肾融合
2573,鸡滑液囊支原体感染
2574,胃粘膜脱垂症
2575,慢性反流性肾病
2576,囊状纤维化
2577,继发龋齿
2578,原发性皮肤B细胞淋巴
2579,铍病
2580,恶性心律失常
2581,石棉肺
2582,末梢循环衰竭
2583,强暴创伤综合症
2584,鼻气管鸟疫杆菌感染
2585,亚临床肝癌
2586,梅毒性巩膜炎
2587,猪骨软症
2588,梨根朽病
2589,热性荨麻疹
2590,犬肠炎
2591,肛门脱出
2592,青光眼综合症
2593,上腔静脉阻塞综合征
2594,桐油中毒
2595,上皮内上皮癌
2596,痛经治疗法
2597,锰及其化合物中毒
2598,气道过敏性炎症
2599,虫血症
2600,新生儿肺透明膜病
2601,大豆镰刀菌根腐病
2602,隐性菌血症
2603,颈肋综合征
2604,行军性血红蛋白尿
2605,高度散光
2606,发作性嗜睡病
2607,角膜真菌病
2608,醛固酮缺乏症
2609,急性妄想发作
2610,结核性巩膜炎
2611,纯红细胞再生障碍
2612,急性非特异性睾丸炎
2613,人芽囊原虫病
2614,慢性肉芽肿病
2615,佯病症
2616,犬鞭虫病
2617,绒癌
2618,李氏杆菌病
2619,妊娠高血压综合征眼底
2620,化脓性阴道炎
2621,情感失语症
2622,放射性性腺疾病
2623,霜样树枝状视网膜血管
2624,口臭症
2625,埃利希体病
2626,血液病
2627,急性锰中毒
2628,妇女更年期综合征
2629,小儿常染色体隐性小脑
2630,荣初症
2631,鼾症
2632,原发性肉毒硷缺乏症
2633,眼出血
2634,Rasmussen综
2635,软肋骨炎
2636,冠状动脉终止异常
2637,初发型心绞痛
2638,猫肠道冠状病毒病
2639,跖管综合征
2640,孕妇口苦
2641,体液起泡症
2642,旅途综合征
2643,诺卡氏菌病
2644,烟雾病
2645,进行性系统性硬皮病
2646,象皮腿
2647,胰脏癌
2648,重链病
2649,水貂脑炎
2650,动脉硬化闭塞症
2651,堵车急躁症
2652,舍格伦综合征
2653,犬诺卡氏菌病
2654,肌肉萎缩症
2655,婴儿足外翻
2656,妊娠恶阻病
2657,肾上腺性征异常症
2658,网聊依赖症
2659,迷路窗破裂
2660,高度近视并发症
2661,放射性颌骨骨髓炎
2662,向日葵锈病
2663,核性白内障
2664,卡波西水痘样疹
2665,肺泡-毛细血管阻滞综
2666,胃结石
2667,产褥期抑郁症
2668,异物入耳
2669,外阴黑色棘皮症
2670,宫颈出血
2671,扁瘊病
2672,会议情绪失调症
2673,副肿瘤性神经病
2674,兴奋呕吐综合症
2675,白疕
2676,大便干燥
2677,利斯特菌脑膜炎
2678,孕期糖尿病
2679,限制型心脏病
2680,精囊炎
2681,假性癫痫发作
2682,老年人甲亢
2683,肾挫伤
2684,多形性腺瘤
2685,胃类癌瘤
2686,重大疾病
2687,痢疾后综合症
2688,阴茎硬结
2689,禽李氏杆菌病
2690,勾端螺旋体病
2691,少阳病
2692,牛东毕吸虫病
2693,鸡传染性腔上囊病
2694,小儿血管角质瘤综合征
2695,后天性大疱性表皮松解
2696,白质脑病
2697,猪流感
2698,童年情绪障碍
2699,先天性巨尿道症
2700,按揭看病
2701,过敏性皮肤病
2702,拔毛癖
2703,潜水病
2704,黄疸肝炎
2705,北美大嘴鲈鱼病毒病
2706,腺样体炎
2707,大麻秆腐病
2708,火激皮炎
2709,猪钩端螺旋体病
2710,黄体不足
2711,单纯性肥胖病
2712,卵巢环管状性索肿瘤
2713,腿游风
2714,足底疣
2715,僵人综合症
2716,潜涵病
2717,猝倒症
2718,儿童癔病
2719,类固醇肌病
2720,下肢不等长
2721,煤矿井下工人滑囊炎
2722,肛裂便血
2723,间质性肺水肿
2724,惊悸病
2725,外伤后颈内动脉闭塞
2726,眼球穿孔伤
2727,小儿腹痛
2728,旅途性精神病
2729,腿痈
2730,胱胺酸症
2731,瘟疫
2732,肛管直肠恶性黑色素瘤
2733,小儿急性上呼吸道感染
2734,CPI焦虑症
2735,住白细胞原虫病
2736,禽肺病毒感染
2737,窦性心率过缓
2738,医源性多毛症
2739,造作病
2740,被害妄想症
2741,牛纤维蛋白膜性肠炎
2742,先天性弥漫性脂肪瘤病
2743,慢性嗜酸粒细胞性肺炎
2744,急性筛窦炎
2745,外阴阿米巴病
2746,继发性血小板增多症
2747,汝斯丁瘟疫
2748,脑损伤后综合征
2749,旋耳疮
2750,血溶症
2751,马尔堡病毒
2752,产道血肿
2753,仔猪气喘病
2754,先天愚型
2755,化脓
2756,盒饭综合症
2757,维生素D过多症
2758,牛羊佝偻病
2759,Apert氏综合征
2760,土拉菌病
2761,阴茎海绵体硬结症
2762,镜子恐惧症
2763,尖周病
2764,鸡住白细胞虫病
2765,假近视
2766,心肾综合症
2767,消化道蠕虫病
2768,膈下脓肿
2769,进行性骨干发育不良
2770,原发性癫痫
2771,先天性畸形
2772,军团病肺炎
2773,十二指肠淤滞症
2774,Johanson-B
2775,脑弓形体病
2776,马凡氏综合征
2777,寄生胎
2778,马巴贝斯虫病
2779,猪流行性腹泻
2780,玻璃体混浊
2781,夜啼病
2782,儿童皮肤过敏
2783,巨阴症
2784,耳廓软骨膜炎
2785,先天性巨结肠症
2786,硫酸二甲酰胺中毒
2787,坏死性结节病样肉芽肿
2788,舒洁宁
2789,反应性浆细胞增多症
2790,牛羊胸膜炎
2791,酒精中毒
2792,二尖瓣闭锁不全
2793,老人腹股沟斜疝
2794,慢性自身免疫性甲状腺
2795,慢性阿米巴痢疾
2796,外阴皮肤病
2797,鸭传染性浆膜炎
2798,男性慢性淋病
2799,阿卡斑病
2800,南瓜青霉病
2801,男性细菌性尿道炎
2802,硬膜囊受压
2803,缺血性肾脏病
2804,泌尿生殖系阿米巴病
2805,风湿
2806,菜花病
2807,威尔森氏病
2808,葡萄球菌食物中毒
2809,皮下脂肪颗粒
2810,陶工尘肺
2811,面红和面红恐惧症
2812,马传染性脑脊髓炎
2813,伤食
2814,先天性血管萎缩性皮肤
2815,外伤性神经官能症
2816,生乳头汗管囊腺瘤
2817,失血性贫血
2818,胃下垂
2819,急性侵袭型肺曲霉病
2820,克汀病
2821,啤酒病
2822,白血病m5
2823,鹅高锰酸钾中毒
2824,输入袢综合征
2825,泌尿系统疾病
2826,趾骨骨折
2827,结核性子宫颈炎
2828,正常压力脑积水
2829,强迫性性行为
2830,急性肾小管间质性肾炎
2831,谵妄综合征
2832,南瓜黑斑病
2833,新生儿水痘
2834,kp[医学用语]
2835,特雷彻·柯林斯综合征
2836,心理矮小症
2837,肠胃炎
2838,多发性肝癌
2839,结肠易激综合征
2840,脾癌
2841,毛舌
2842,先天性膀胱颈挛缩
2843,亚临床甲状腺功能减退
2844,血色病性骨关节病
2845,少女初潮阴道炎
2846,小儿继发性免疫性血小
2847,急性坏死性龈炎
2848,外阴癌
2849,火锅病
2850,牛肺气肿
2851,母儿血型不合溶血病
2852,呼衰
2853,支气管腺瘤
2854,肝豆状核变性疾病
2855,妊娠急性脂肪肝
2856,动脉硬化性精神病
2857,多器官功能不全综合征
2858,病理性盆腔积液
2859,双侧多囊卵巢
2860,禽沙门氏菌病
2861,亚历山大症
2862,牛双芽巴贝斯虫病
2863,脊髓分裂症
2864,阻滞椎
2865,断耳疮病
2866,B疱疹病毒感染
2867,西尼罗病毒病
2868,上隐斜
2869,海洛因肾脏病
2870,回状头皮
2871,持续性幼儿型胰岛素过
2872,假单胞菌病
2873,卵巢囊肿综合症
2874,水毒
2875,火器性颅脑损伤
2876,肾小管-间质肾炎
2877,脊柱炎
2878,纳尔逊综合症
2879,犬乳腺炎
2880,阳明病
2881,身体变形症
2882,假性球麻痹
2883,猪繁殖与呼吸综合征
2884,胰腺囊性纤维性变
2885,寒冷荨麻疹
2886,偏头疼
2887,先天性环状束带
2888,骨髓瘤
2889,碘甲烷中毒
2890,职业性药疹型皮炎
2891,自身免疫性肝病实验室
2892,犬传染性肝炎
2893,胃肠道功能紊乱
2894,女性细菌性尿道炎
2895,牛伊氏锥虫病
2896,红斑性狼疮
2897,胰腺病
2898,仔猪白痢
2899,老年静脉血栓症
2900,食管结核
2901,特纳氏综合征
2902,急性直肠炎
2903,羊胡子疮
2904,上尿路结石
2905,血卟啉病性周围神经病
2906,小儿迪格奥尔格综合征
2907,月家痨病
2908,CM1神经节苷脂贮积
2909,小儿蛲虫病
2910,羊支原体性肺炎
2911,少年性椎体骨软骨病
2912,头部脂溢性皮炎
2913,史提芬强生症候群
2914,舍格伦综合症
2915,双燕子症
2916,开放性脑损伤
2917,地方性心肌病
2918,前庭大腺脓肿
2919,良性前列腺增生症
2920,肺毛细线虫病
2921,弱精子症
2922,膀胱损伤
2923,假性黑棘皮病
2924,SLE[系统性红斑狼
2925,慢性腰肌劳损
2926,鼠型斑疹伤寒
2927,感染性疾病
2928,月经性哮喘
2929,椎管内结核瘤
2930,节瓜细菌性角斑病
2931,卒死病
2932,良性脂肪母细胞瘤
2933,非霍乱弧菌感染
2934,女性生殖器疱疹
2935,田七镰刀菌根腐病
2936,猪口蹄疫
2937,社交恐惧症[精神疾病
2938,腺病毒胃肠炎
2939,急性脓胸
2940,室速
2941,运动障碍疾病
2942,铀中毒
2943,功能性遗尿症
2944,出血性脑梗死
2945,偏颌畸形
2946,阴茎勃起功能障碍
2947,韧带损伤
2948,宫颈糜烂2度
2949,掌跖脓疱
2950,假日精神病
2951,萨克斯肺
2952,镇痛剂肾病
2953,神经内分泌癌
2954,心血管和血栓栓塞综合
2955,结缔组织性肠炎
2956,咽喉息肉
2957,根管治疗术
2958,寰枢椎旋转脱位固定
2959,骶髂关节扭伤
2960,尼帕病毒
2961,原发性皮肤结核综合征
2962,慢性缺氧
2963,马蹄足内翻
2964,耳源性脑积水
2965,无名肿毒
2966,腺病毒性皮肤病
2967,旋转隐斜
2968,小儿鞍上生殖细胞瘤
2969,儿童精神障碍
2970,慢性皮肤粘膜念珠菌病
2971,电脑忧郁症
2972,第五日综合征
2973,何金氏病
2974,心源性肺水肿
2975,铝尘肺
2976,旋耳疮病
2977,根尖牙周炎
2978,牙周袋
2979,胆管扩张症
2980,汗孔角化症
2981,横贯性脊髓炎
2982,先天性红细胞生成异常
2983,口腔感冒
2984,中山病
2985,痘疹
2986,脐窦
2987,获得性面部皮肤衰老症
2988,图说过敏性鼻炎
2989,恶性子宫肌瘤
2990,急性结肠假性梗阻综合
2991,乳酸酸中毒
2992,大肠恶性肿瘤
2993,退化性关节炎
2994,骨的恶性纤维组织细胞
2995,猪布鲁氏菌病
2996,脚湿疹
2997,长痘
2998,三叉神经瘤
2999,镰状细胞贫血病
3000,食管贲门粘膜撕裂综合
3001,小儿尿感
3002,恐惧教皇症
3003,腰椎退变
3004,暗示性自卑症
3005,咽喉癌
3006,太阳穴痛
3007,奶疹
3008,反应性组织细胞增多症
3009,波尔山羊肺炎
3010,内风湿关节炎
3011,肺气不宣
3012,形觉剥夺性弱视
3013,久聋病
3014,小儿神经白塞综合征
3015,蒙娜丽莎综合征
3016,有机磷农药中毒
3017,咽血管畸形
3018,不明原因肺炎
3019,泪囊炎
3020,获得性高脂蛋白血症
3021,迂回线状鱼鳞病
3022,鸡绦虫病
3023,传染性支气管炎
3024,苎麻褐斑病
3025,调节性内斜视
3026,皮肤瘙痒症
3027,小儿便秘
3028,胃痛病
3029,阿米巴结肠炎
3030,维生素B6缺乏症
3031,急性白斑病
3032,芝麻青枯病
3033,聚醚类抗球虫药中毒
3034,上胞下垂
3035,卒中式起病
3036,按揭病
3037,创伤性白内障
3038,上行感染
3039,颅骨恶性肿瘤
3040,急性肠炎
3041,急性肾上腺皮质功能衰
3042,不稳定血红蛋白病
3043,烟酸缺乏神经病
3044,阴胜则阳病
3045,绿脓杆菌毛囊炎
3046,卵巢性不孕
3047,小儿戊型病毒性肝炎
3048,亚疾病
3049,男性乳腺发育
3050,牙癌
3051,花生炭疽病
3052,猪依原体病
3053,小儿先天性巨结肠
3054,阴囊丝虫病
3055,克罗伊茨费尔特-雅各
3056,牛羊蜂窝织炎
3057,穴位用药治百病
3058,平山病
3059,保密焦虑症
3060,脓疮
3061,伤阴
3062,胆汁淤积性黄疽
3063,自汗
3064,久病卧床
3065,茶毛虫皮炎
3066,新生儿颅内出血
3067,支原体性肺炎
3068,Graves病
3069,肾皮质化脓性感染
3070,全葡萄膜炎
3071,兰伯特-伊顿综合症
3072,急性肾炎综合症
3073,小儿急性肾炎
3074,肉鸭嗜水气单胞菌病
3075,血管肉瘤
3076,梅毒性角膜病变
3077,无脊髓损伤的颈椎骨折
3078,乙状结肠造口旁沟疝
3079,非典型分枝杆菌病
3080,全髓白血病
3081,甜瓜黑点根腐病
3082,化脓性骨髓炎
3083,全脑炎
3084,呕吐恐惧症
3085,进行性骨干发育不全
3086,乳溢
3087,异常血红蛋白病
3088,嫁接黄瓜根腐病
3089,菜用大豆耙点病
3090,嵌杯样病毒胃肠炎
3091,蜜月病
3092,小儿皮肤过敏
3093,听神经病
3094,前列腺肉瘤
3095,先天性无睾丸症
3096,小儿高黏稠综合征
3097,猪氢氰酸中毒
3098,口腔灶性上皮增生
3099,挛缩
3100,炎性肌纤维母细胞瘤
3101,瑟氏泰勒虫病
3102,智力低下
3103,气管鳞癌
3104,肠脓肿
3105,宫颈黏膜炎
3106,Bowen病
3107,复杂性甲沟炎
3108,辣椒丛枝病
3109,咽颊炎
3110,黏多醣症
3111,内胚窦瘤
3112,婴儿腹部远心性脂肪营
3113,外阴丹毒
3114,妄想型精神分裂
3115,科萨科夫综合症
3116,急性运动感觉性轴索型
3117,浅表性胃炎口臭
3118,急性有机磷中毒
3119,麻将病
3120,慢性嗜酸性粒细胞肺炎
3121,高心病
3122,牛淋巴瘤病
3123,基孔肯雅病
3124,禽六鞭原虫病
3125,粉碎骨折
3126,慢性白血病
3127,畸形精子症
3128,猪水疱性口炎
3129,获得性循坏抗凝物质增
3130,老年人肝炎
3131,伤风吐泻
3132,围术期伴发的精神障碍
3133,乳房纤维瘤
3134,犊牛脐炎
3135,营养失调
3136,牛恶性卡他热
3137,念珠菌性关节炎
3138,m3白血病
3139,凉燥病
3140,心颤
3141,卵巢囊性变
3142,家禽痛风
3143,稻田皮炎
3144,乳房纤维腺瘤
3145,肾小管间质性肾炎葡萄
3146,中枢性眩晕
3147,尘螨过敏性鼻炎
3148,风湿热痹
3149,家族性植物神经失调症
3150,出血症
3151,周围面神经炎
3152,暴露性巩膜炎
3153,九虫病
3154,纤维肉瘤
3155,牙脱位
3156,苹果轮斑病
3157,远离颈椎病
3158,叶酸缺乏症
3159,内脏血吸虫炎
3160,肺动脉口狭窄
3161,肺炎球菌性肺炎
3162,花粉过敏症
3163,心神经官能症
3164,真菌败血症
3165,原发性皮肤免疫细胞瘤
3166,疱疹性口腔炎
3167,子宫内膜癌
3168,低磷酸酯酶症
3169,闭合性脑外伤
3170,卵巢早衰症
3171,先天性醛固酮增多症
3172,白发症
3173,原发性支气管肺癌
3174,腮腺隙感染
3175,五月病
3176,洁癖症
3177,冈上肌肌腱炎
3178,尿道缺如及先天性尿道
3179,煤气中毒
3180,晕动症
3181,高考逃避症
3182,躁狂忧郁症
3183,坏死杆菌病
3184,普通型间质性肺炎
3185,镰状细胞贫血眼部病变
3186,去皮质状态
3187,强迫性障碍
3188,重性精神病
3189,仔猪营养性贫血
3190,膀胱上内疝
3191,结节性硬化病
3192,惊风病
3193,胃食管反流病
3194,继发性皮肤滤泡中心细
3195,犬窝咳
3196,鬼脸综合症
3197,子宫复旧不全
3198,甲亢肌无力
3199,假性软骨发育不良
3200,婴儿睡觉摇头
3201,冰箱病
3202,恋物性异装症
3203,水过多
3204,H3N2
3205,外伤后脑膨出
3206,皮癣
3207,金银花褐斑病
3208,鸡线虫病
3209,绵羊泰勒虫病
3210,尤文瘤
3211,T波倒置
3212,纽卡斯尔流感
3213,结核性干性胸膜炎
3214,直肠恶变
3215,慢性阻塞性肺病
3216,妊娠合并红细胞增多症
3217,第三腰椎横突综合症
3218,先天性短结肠
3219,猪回肠炎
3220,结石病
3221,妊娠合并急性肾小球肾
3222,黑珠翳
3223,犬恶心丝虫病
3224,出血败血性巴斯德菌感
3225,慢性病毒性肝炎
3226,奈瑟卡他球菌肺炎
3227,艾斯伯格综合症
3228,粪便嗜食症
3229,慢粒
3230,膝关节骨刺
3231,经行尿感
3232,卵巢功能缺如综合征
3233,新生儿鱼鳞病
3234,职场自闭症
3235,小便刺痛
3236,大舌头[口语病的一种
3237,淋巴腺炎
3238,下颚骨关节炎
3239,死亡恐惧症
3240,月经过多·血瘀证
3241,颈腰综合征
3242,猪巨细胞病毒感染
3243,气性膀胱炎
3244,下疳样脓皮病
3245,贫血性梗死
3246,犬出血性胃肠炎
3247,先天性髋关节脱臼
3248,椎管狭窄
3249,先天性角化不全症
3250,急性颈椎间盘突出症
3251,高考后综合症
3252,结核性盆腔炎
3253,生蛇
3254,脊椎结核寒性脓肿穿入
3255,Stevens-Jo
3256,宫颈管消失
3257,小儿急性颅内压增高症
3258,颌骨发育不全
3259,强制性脊椎炎
3260,肋间神经炎
3261,脑突出
3262,指头炎
3263,高骨病
3264,酒精肝
3265,网状红斑萎缩性毛囊炎
3266,慢性进行性舞蹈病
3267,拟娩症
3268,犬钩端螺旋体病
3269,神经节胶质细胞瘤
3270,鸡败血霉形体病
3271,经期综合症
3272,下颌下隙感染
3273,小儿黑酸尿综合征
3274,疱疹性脑膜炎
3275,眼眶嗜酸性肉芽肿
3276,人禽流感
3277,H1N1亚型猪流感病
3278,臭鱼症
3279,流黄鼻涕
3280,输卵管堵塞
3281,卢伽雷氏症
3282,尼克酸缺乏症
3283,点状掌跖角皮症
3284,皮质醇症
3285,格林巴利综合症
3286,常年过敏性鼻炎
3287,细菌性尿道炎
3288,猪感光过敏
3289,类丹毒
3290,小儿黄疸
3291,头皮神经痛
3292,代偿性月经
3293,化脓性甲沟炎
3294,脊椎结核
3295,上斜肌腱鞘综合征
3296,长骨造釉细胞瘤
3297,播散性副球孢子菌病
3298,神经性牙疼
3299,完全性左束支传导阻滞
3300,时行感冒病
3301,马传染性支气管炎
3302,针刀颈椎病
3303,羊乳房炎
3304,犬鼻炎
3305,远视性弱视
3306,进行性色素性紫癜性皮
3307,鼻疽假单胞菌肺炎
3308,睾丸癌
3309,信息依赖症
3310,铅中毒
3311,猪碘缺乏症
3312,膈先天性缺损
3313,药物性胃病
3314,肥胖性生殖无能综合症
3315,结节性脂肪坏死
3316,嗜酸性粒细胞白血病
3317,时复病
3318,烟酸缺乏病
3319,小儿发育性角回综合征
3320,小儿抗磷脂综合征
3321,蓐劳
3322,二尖瓣反流
3323,微小病变性肾病
3324,黄水疮
3325,水源性瘙痒症
3326,多囊肝
3327,人造病
3328,单纯性鼻炎
3329,良性头部组织细胞增生
3330,阴道干涩
3331,母猪产后三联症
3332,菜豆根霉软腐病
3333,急性功能性子宫出血
3334,视线恐惧症
3335,乳房脂肪坏死
3336,黏脂贮积症Ⅳ型
3337,寰枕筋膜挛缩型颈椎病
3338,渐冰人
3339,猪增生性肠炎
3340,炎性外痔疮
3341,卟琳症
3342,传染性非典型肺炎
3343,非淋球菌性细菌性关节
3344,幸存者综合症
3345,肩胛上神经卡压症
3346,猪土拉杆菌病
3347,类风湿性心脏病
3348,再植病
3349,落葵叶斑病
3350,小儿多源性房性心动过
3351,寒潮病
3352,子烦
3353,血友艾滋病
3354,原发性肺动脉高压
3355,猪增生性回肠炎
3356,大蒜疫病
3357,阴虚内热
3358,输精管道阻塞
3359,肾脂肪瘤
3360,红细胞增多症视网膜病
3361,练功疗法
3362,关节病
3363,周期性动眼神经病
3364,类脂质渐进性坏死
3365,宫颈内口松弛症
3366,中心性软骨肉瘤
3367,儿童鼻炎
3368,春癣
3369,网状青斑症
3370,水过敏症
3371,牙周疾病
3372,福代斯斑点
3373,职业性皮肤病
3374,小儿原发性免疫缺陷病
3375,婴儿出生恐惧症
3376,贝氏等孢球虫病
3377,发热伴血小板减少综合
3378,急性蜂窝组织炎
3379,先天性非溶血性黄疸
3380,胃黏膜脱垂症
3381,变态反应性皮肤病
3382,银质沉淀症
3383,器质性病变
3384,氰及腈类化合物中毒
3385,秃顶
3386,颅后窝血肿
3387,闭经溢乳综合症
3388,躯体形式障碍
3389,儿童支原体感染
3390,婴幼儿脐疝
3391,血管外皮细胞瘤
3392,咽侧壁憩室
3393,急性右侧心力衰竭
3394,窦性心律不齐
3395,乳头侵蚀性腺瘤病
3396,肠间脓肿
3397,妇产科静脉血栓病
3398,嗜碱性粒细胞白血病
3399,暑温
3400,桔梗根腐病
3401,兔螨病
3402,小脑发育不良
3403,药用菊花根癌病
3404,菠菜叶点病
3405,间接型颈动脉海绵窦瘘
3406,心血管病
3407,职场孤独症
3408,膀胱平滑肌肉瘤
3409,心源性心脏病
3410,老年人感染性休克
3411,膝盖积水
3412,产蛋下降综合症
3413,胎赤
3414,慢性铅中毒
3415,组织细胞增多症
3416,慢性光化性皮炎
3417,再生不良性贫血
3418,感冒
3419,痛性痉挛
3420,肩关节脱位
3421,外阴神经鞘瘤
3422,高锰酸钾中毒
3423,子痰
3424,淋巴细胞性间质性肺炎
3425,肠阿米巴病
3426,脑三叉神经血管瘤病
3427,急性左侧心力衰竭
3428,卡氏肺孢菌性肺炎
3429,病毒性宫颈炎
3430,乙肝一三五阳性
3431,fetishism
3432,肾性高血压
3433,嫉妒妄想综合征
3434,细胞增多症
3435,整形手术并发症
3436,静止性淋巴细胞性甲状
3437,包涵体性结膜炎
3438,非典型分枝杆菌角膜炎
3439,IT分裂症
3440,颞动脉炎
3441,胆道运动功能障碍综合
3442,妇科炎症
3443,腕管综合症
3444,丘脑性闭经
3445,内分泌疾病
3446,腺肌症
3447,广州血管圆线虫病
3448,遗传性黏多糖贮积症
3449,双胃
3450,牛吸吮线虫病
3451,遗传性周期性共济失调
3452,功血崩漏
3453,心理疾病
3454,老年糖尿病
3455,慢性肠系膜缺血
3456,仔猪梭菌性肠炎
3457,小儿动脉瘤样骨囊肿
3458,副球孢子菌病
3459,原发性开角性青光眼
3460,豇豆灰霉病
3461,脓包性银屑病
3462,双重抑郁症
3463,病毒性咽炎
3464,鸭球虫病
3465,脑挫伤
3466,中毒性脑病
3467,老年终末期肺炎
3468,灾难恐惧症
3469,输尿管结石
3470,咽部混合瘤
3471,Alport综合征
3472,线粒体脑病
3473,苦瓜猝倒病
3474,过敏性紫癜综合征
3475,Down综合症
3476,双氯甲醚所致肺癌
3477,鱼际间隙感染
3478,新生儿病
3479,鹌鹑霍乱病
3480,心肌纤维化
3481,中心性渗出性脉络膜视
3482,飞机恐惧症
3483,白肌病
3484,甘蔗中毒
3485,听神经瘤
3486,增生性贫血
3487,颈交感神经麻痹综合征
3488,老鼠奶
3489,磷脂酰胆碱-胆固醇酰
3490,传导性失语症
3491,胁肋胀痛
3492,花生网斑病
3493,甲基丙二酸尿症
3494,安妮·海瑟薇综合症
3495,犬旋毛虫病
3496,纤维肌痛综合症
3497,蒙脸沙
3498,左心室高电压
3499,睾丸炎
3500,米氏链球菌肺炎
3501,肥大细胞增生症
3502,遗传性高铁血红蛋白血
3503,检查焦虑症
3504,阴道痉挛症
3505,寨卡热
3506,嗜碱粒细胞性白血病
3507,鸭流感
3508,牛羊蓝舌病
3509,巴瑞特综合征
3510,淋球菌性关节炎
3511,肝淀粉样变性
3512,虫咬皮炎
3513,先天性肩关节脱位
3514,维生素中毒症
3515,干眼
3516,组织滴虫病
3517,莫吉隆斯症
3518,老年人血栓性疾病
3519,慢性阻塞性腮腺炎
3520,太阳经病
3521,现代男科疾病
3522,乳腺肌上皮瘤
3523,日晒痴迷症
3524,慢性溃疡性结肠炎
3525,尺桡骨骨干双骨折
3526,肱骨骨干骨折
3527,ANDERSEN氏症
3528,经前期紧张综合征
3529,巨人症
3530,肝风内动症
3531,溃疡病急性穿孔
3532,铊及其化合物中毒
3533,半月板撕裂
3534,皮肤粘膜
3535,霉菌性鼻炎
3536,结肠性便秘
3537,腘血管陷迫综合征
3538,小儿糖尿病肾病
3539,老年性青光眼
3540,肠系膜动脉栓塞
3541,青春痘疤痕
3542,酒中毒性小脑变性
3543,梨轮纹病
3544,求实养虚不生病
3545,牛膝白锈病
3546,周一跳槽焦虑症
3547,禽链球菌病
3548,寻常性银屑病
3549,维生素C缺乏病
3550,急性鼻炎
3551,输卵管不通
3552,臀位
3553,鸡传染性支气管炎
3554,肾血管平滑肌脂肪瘤
3555,甲状腺功能减退症
3556,肝脾不和型溃疡结肠炎
3557,椎体骨软骨病
3558,脑干脑炎
3559,早老症
3560,产后交肠病
3561,美丽强迫症
3562,腹卒中综合征
3563,卵巢纤维瘤病
3564,混合型卟啉病
3565,退休自闭症
3566,猫圆线虫病
3567,吞咽恐惧症
3568,多发性一过性白点综合
3569,外阴阴道念珠菌病
3570,习惯性脱臼
3571,不全流产
3572,手口足病
3573,精子异常症
3574,脚趾外翻
3575,猪无名高热综合征
3576,硬腭癌
3577,性幻症
3578,牛海绵状脑病
3579,痛痛病
3580,颅内海绵状血管瘤
3581,马尔堡病病毒
3582,遗传性肥胖症
3583,假膜性炎
3584,干性结核性胸膜炎
3585,间歇性眼球突出症
3586,鸭绦虫病
3587,Menzel综合征
3588,足细胞病
3589,胎前手足麻木
3590,拟除虫菊酯类农药中毒
3591,猪子宫内膜炎
3592,增生性脊柱炎
3593,乳癣
3594,猪霉形体肺炎
3595,先天性髋关节脱位及髋
3596,细菌性皮肤病
3597,冲动性盗窃癖
3598,颈部蜂窝织炎
3599,肺芽生菌病
3600,抽动
3601,咽后间隙感染
3602,双高综合症
3603,慢性菌痢
3604,TORCH综合症
3605,蕈样霉菌病
3606,乳腺纤维瘤
3607,变异性卟啉症
3608,新生儿肝炎
3609,咽炎
3610,维生素B2缺乏症
3611,缺血性挛缩
3612,砒霜中毒
3613,流感
3614,真菌性阴道炎
3615,牛放线菌病
3616,慢性额窦炎
3617,新生儿产伤性疾病
3618,牛副丝虫病
3619,食道型颈椎病
3620,浅二度烧伤
3621,盆腔炎性后遗症
3622,西葫芦银粉病
3623,结节性液化性脂膜炎
3624,牛羊口蹄疫
3625,豹纹状眼底
3626,猪肠道线虫病
3627,喉菌病
3628,肺结节病
3629,耳源性脑脓肿
3630,前置胎盘
3631,室上性心动过速
3632,盖茨仰慕症
3633,喉角化症
3634,电视迷综合症
3635,儿童学习障碍症
3636,老年慢性肾盂肾炎
3637,多囊性卵巢症候群
3638,唾液腺疾病
3639,人畜共患传染病
3640,毛石肠梗阻综合征
3641,偏执性精神病
3642,荣迷综合症
3643,小儿血吸虫病
3644,谷子红叶病
3645,APP依赖症
3646,大疱性鱼鳞病
3647,轻度焦虑症
3648,一类动物疫病
3649,鳞癌
3650,牛病毒性腹泻-粘膜病
3651,腹膜后肿瘤
3652,锡中毒
3653,急性硬脑膜下血肿
3654,猪梭菌性肠炎
3655,胎位低
3656,中间型链球菌感染
3657,肺爆震伤
3658,高雪氏症
3659,大雄-胖虎综合症
3660,大肠腺瘤
3661,纵膈摆动
3662,化妆品过敏
3663,先天性甲状腺机能低下
3664,取悦症
3665,药物过敏
3666,玉米弯孢霉叶斑病
3667,创伤病
3668,继发性红细胞增多症
3669,肛门出血
3670,芽生菌病样脓皮病
3671,假性近视
3672,伤寒表证
3673,白淫
3674,甘蔗赤腐病
3675,成人全垂体功能减退
3676,甲状腺功能亢进所致精
3677,PCP肺炎
3678,hunt综合症
3679,TTV肝炎
3680,鸡膝螨病
3681,肌腱拉伤
3682,膝关节半月板损伤
3683,太阴脏病
3684,酒中毒性痴呆
3685,早衰症
3686,鼻部脑膜脑膨出
3687,舌疔
3688,跟痛症
3689,小儿血友病
3690,高功能自闭症
3691,会阴疝
3692,季节性哮喘
3693,马传染性胸膜肺炎
3694,网脑症
3695,乙肝相关性肾炎
3696,猪铜中毒
3697,狂躁症
3698,鸡卡氏白细胞原虫病
3699,猪传染性胃肠炎
3700,筛窦恶性肿瘤
3701,恐丑症
3702,Pasini-Pie
3703,放射性脊髓炎
3704,克雷氏骨折
3705,自发性颅内肿瘤
3706,丙类传染病
3707,禽毛滴虫病
3708,马胃蝇蛆病
3709,皮肤黑变病
3710,肠激惹综合征
3711,steven-joh
3712,多发性动脉炎
3713,放射性皮肤疾病
3714,下肢交通静脉瓣膜关闭
3715,腹股沟斜疝
3716,肩膀酸疼
3717,念珠菌阴道炎
3718,链球菌感染后的急性肾
3719,皮肤疣
3720,阴道蚂蟥叮吸
3721,扁豆白绢病
3722,呼吸系统疾病
3723,反射性躯体神经病
3724,劳损性关节炎
3725,咽后壁憩室
3726,肺火病
3727,Thygeson浅层
3728,脑脊索瘤
3729,小儿面部偏侧肥大综合
3730,性功能异常伴发的精神
3731,淫肠综合症
3732,性成瘾症
3733,会阴撕裂
3734,月劳病
3735,老年人糖尿病性心脏病
3736,皮肤病
3737,巨乳头状结膜炎
3738,森田疗法
3739,肾血管疾病
3740,输尿管癌
3741,疥癣病
3742,结肠腺癌
3743,棉尘病
3744,猪结核病
3745,电风暴
3746,不宁腿综合症
3747,牛羊腐蹄病
3748,法布雷病
3749,光敏性皮肤病
3750,内耳疾病
3751,火车综合症
3752,伴皮质下梗死及白质脑
3753,淋病合并症精囊炎
3754,耳鼻咽喉白喉病
3755,肥厚性鼻炎
3756,月经周期性精神病
3757,温抗体型自身免疫性溶
3758,空蝶鞍症
3759,牛羊尿素中毒
3760,腺导管内乳头状瘤
3761,哺乳期乳腺增生
3762,慢性化脓性鼻窦炎
3763,蛔虫病
3764,非淋球菌性尿道炎
3765,肾钙乳
3766,亚斯柏格症
3767,先天性厚甲症
3768,Grahamstee
3769,苹果树腐烂病
3770,冷抗体型自身免疫性溶
3771,健康食品痴迷症
3772,纤毛虫病
3773,环形泰勒虫病
3774,莫尼茨绦虫病
3775,菜用大豆疫病
3776,范科尼综合征
3777,退变性骨关节病
3778,沙眼衣原体肺炎
3779,产褥抑郁症
3780,春温病
3781,羊膜腔感染综合征
3782,冷凝集素综合征
3783,月骨脱位
3784,足跟症
3785,原发性巨球蛋白血症肾
3786,高血压中风
3787,鸡伤寒
3788,无症状性血尿
3789,灼性神经痛
3790,书写痉挛症
3791,慢阻肺
3792,病毒性角膜炎
3793,低血糖性神经病
3794,罗斯河病毒病
3795,葡萄轮斑病
3796,共同依赖症
3797,内分泌浸润性突眼症
3798,猪佝偻病
3799,多虑症
3800,诺卡放线菌病
3801,其他沙门菌感染
3802,猪中暑
3803,心房间隔缺损
3804,低钾性周期性瘫痪
3805,周期性呕吐综合症
3806,肩关节炎
3807,肾精亏虚
3808,希恩综合征
3809,老年人多发性骨髓瘤
3810,原发性阴道恶性淋巴瘤
3811,鸡喉炎
3812,晶状体疾病
3813,先天性髌骨脱位
3814,香蕉恐惧症
3815,教室焦虑症
3816,慢性牙龈炎
3817,肌壁间肌瘤
3818,春季性结膜炎
3819,完全性心内膜垫缺损
3820,良性颅内压增高
3821,整形成瘾症
3822,薏苡黑穗病
3823,继发性癫痫
3824,小儿原发性膀胱输尿管
3825,扁豆立枯病
3826,颅内压增高综合症
3827,慢性肝炎
3828,小儿急疹
3829,神经性失眠
3830,儿童咳嗽变异型哮喘
3831,秋燥症
3832,Gorham综合症
3833,黄疸型乙型肝炎
3834,肛门潮湿
3835,周期性精神病
3836,跳槽综合症
3837,低眼压
3838,产褥中暑
3839,静癖症
3840,高血压并发症
3841,中国青少年预防艾滋病
3842,短暂性棘皮松解皮肤病
3843,软骨粘液样纤维瘤
3844,股神经干性痛
3845,退伍军人症
3846,丘疹性寻麻疹
3847,松毛虫性骨关节病
3848,跟骨骨折
3849,真性两性畸形
3850,猪肠病毒感染
3851,急性肠胃炎
3852,回肠远端憩室
3853,溃疡病
3854,紧张性头疼
3855,甲类传染病
3856,肾盂癌
3857,盆腔子宫内膜异位症
3858,光敏性皮炎
3859,儿童便秘
3860,空鼻综合症
3861,日晒伤
3862,迁延性昏迷
3863,性欲倒错
3864,药物中毒性耳鸣
3865,上眼睑下垂
3866,鸡毒霉形体（支原体）
3867,孕期子宫肌瘤
3868,溢乳闭经综合征
3869,视障
3870,犬蠕形螨病
3871,雪口病
3872,原发性单克隆免疫球蛋
3873,门牙疼
3874,春季过敏性鼻炎
3875,杭廷顿氏舞蹈症
3876,暴喘病
3877,膀胱气痛
3878,消渴病
3879,舌舔皮炎
3880,增龄性黄斑变性
3881,六邪
3882,失火恐惧症
3883,肺动脉栓塞综合症
3884,白蛉热
3885,老鼠牙
3886,妥瑞氏症
3887,鼻病毒感染
3888,卵巢纤维组织来源肿瘤
3889,小儿贾第虫病
3890,猪腰扭伤
3891,胸腺小细胞癌
3892,Jessner淋巴细
3893,先天性再生障碍性贫血
3894,鼻梅毒
3895,骨髓增生异常综合症
3896,牛巴贝斯虫病
3897,食道肿瘤
3898,处女膜闭锁症
3899,桥本氏甲状腺病
3900,白血病性睾丸肿瘤
3901,Down综合征
3902,线粒体肌病
3903,小儿色素失调症
3904,猪应激综合症
3905,淋巴细胞减少症
3906,感觉统合失调症
3907,龋白斑
3908,崩漏病
3909,并殖吸虫病
3910,腹膜后间隙出血
3911,Marie-Bamb
3912,急进性高血压
3913,头晕耳鸣
3914,碱性反流性胃炎
3915,番茄斑萎病毒病
3916,小儿自闭症
3917,小儿急性化脓性甲状腺
3918,心水病
3919,选择性障碍症
3920,骨痂
3921,有机氟聚合物单体中毒
3922,职场匆忙症
3923,激素依赖性痤疮
3924,急性坏死性溃疡性龈炎
3925,淋巴管囊肿
3926,浑睛虫病
3927,Poncet综合征
3928,Heberden结节
3929,苎麻炭疽病
3930,硬化型骨髓炎
3931,颈部淋巴结结核
3932,蜱伤寒
3933,头皮脓疱糜烂性皮病
3934,膝关节骨性关节炎
3935,健忘症
3936,胫后神经痛
3937,超高度近视
3938,猪副嗜血杆菌病
3939,胸膜转移瘤
3940,无痛性甲状腺炎
3941,老年钙化性瓣膜病
3942,急性支气管炎
3943,化脓性鼻窦炎
3944,脊髓挫伤
3945,功能性治愈艾滋病
3946,过敏症
3947,头皮感染
3948,乳腺纤维肉瘤
3949,爆震聋
3950,急性胃粘膜出血
3951,乏特壶腹周围癌
3952,卡里西病
3953,血管内乳头状血管内皮
3954,Wifi焦虑症
3955,肱骨小头骨折
3956,梭状芽胞杆菌伤口感染
3957,脊柱脊髓损伤
3958,前列腺并发症
3959,瞌睡病
3960,神经莱姆病
3961,眼底黄色斑点症
3962,高热惊厥
3963,胰体尾癌
3964,月状骨骨软骨病
3965,梅尼埃尔氏病
3966,甲状舌管囊肿与鳃裂囊
3967,性腺功能低下症
3968,非传染性疾病
3969,通感症
3970,退行性膝关节病
3971,小儿水肿病
3972,甲状腺舌管囊肿与瘘
3973,承德市疾病预防控制中
3974,诊断性医源性疾病
3975,乙型流感
3976,功能性低血糖
3977,犬冠状病毒病
3978,盲袢综合征
3979,小儿疳痢
3980,蓝色橡皮泡痣综合症
3981,复发性阿弗它性溃疡
3982,遗传性椭圆形红细胞增
3983,小腹刺痛
3984,肝外胆管癌
3985,匙状甲
3986,动物性皮肤病
3987,过敏性休克
3988,克隆病
3989,人身变换症
3990,交替性暴食厌食症
3991,染色体异常
3992,产后痉症
3993,禽生物素缺乏症
3994,出血性上部脑灰质炎
3995,牛传染性胸膜肺炎
3996,持续性肢皮炎
3997,未破裂卵泡黄素化综合
3998,亚健康人群
3999,线粒体疾病
4000,鸡胆碱缺乏症
4001,女性生殖器官结核
4002,可变性红斑角化症
4003,鼻疔
4004,气滞血淤
4005,巨细胞包涵体病
4006,肾动脉粥样栓塞
4007,人巴贝斯虫病
4008,交感神经型颈椎病
4009,外伤性虹膜睫状体炎
4010,瘙痒性皮肤病
4011,器质性精神病
4012,鼻炎症
4013,大楼病综合症
4014,上颌鼻窦炎
4015,电子孤独症
4016,孟买水手症
4017,禽曲霉菌病
4018,肌抽跃癫痫合并红色褴
4019,半夏腐烂病
4020,窦房折返性心动过速
4021,大肠血管瘤
4022,急性乳房炎
4023,前列腺囊肿
4024,轻度脂肪肝
4025,脑包虫病
4026,杵状指
4027,牛结核病
4028,急性丁型肝炎
4029,百合病
4030,获得性多发性血管瘤病
4031,妊娠目病
4032,禽烟酸缺乏症
4033,厌男症
4034,中毒性弱视
4035,绕虫病
4036,高血压病视网膜病变
4037,完全性肺静脉异位回流
4038,肝肺综合症
4039,妊娠高血压综合征
4040,猪有机氟化物中毒
4041,鸡波氏杆菌病
4042,肠梨形鞭毛虫病
4043,弥漫型间皮瘤
4044,多重人格
4045,肺纤维灶
4046,退行性膝关节炎
4047,冰箱肠炎
4048,淀粉样变病
4049,布氏杆菌性关节炎
4050,库欣综合症
4051,鹌鹑球虫病
4052,头皮挫伤
4053,鼻咽血管纤维瘤
4054,动物囤积症
4055,侵袭性真菌病
4056,阴囊潮湿有异味
4057,进行性脊髓性肌萎缩症
4058,焦虑型抑郁症
4059,加班病
4060,Cushing综合征
4061,猪流感病毒
4062,耳后淋巴瘤
4063,钩虫感染
4064,镉及其化合物中毒
4065,植物神经系统肿瘤
4066,牙肉萎缩
4067,子宫囊肿
4068,淋菌性咽炎
4069,人体自燃症
4070,白塞氏综合症
4071,禽大肠杆菌病
4072,主动脉内气囊反搏术
4073,鸡毛细线虫病
4074,精阜炎
4075,先天性白细胞颗粒异常
4076,颈椎失稳症
4077,胰腺瘘
4078,苯丙胺中毒
4079,颅内感染
4080,小儿听力障碍
4081,其他弧菌感染
4082,鸡传染性贫血
4083,口疮病
4084,肛乳头增生
4085,感染性腹泻病
4086,番茄丛矮病毒病
4087,慢性病贫血
4088,白带黄
4089,肛肠
4090,黄体功能不全性不孕
4091,吉巴氏综合症
4092,硬斑症
4093,先天性心脏血管病
4094,睾丸隐痛
4095,右前斜位
4096,黄带
4097,膝关节退行性关节炎
4098,暴发性肝功能衰竭
4099,颈椎炎
4100,前房出血
4101,鼻阻塞
4102,心原性肝硬化
4103,痛经症
4104,二叶式主动脉瓣
4105,《常用实验动物解剖病
4106,胆血症
4107,脚气病
4108,前置血管
4109,播散性暗色丝孢霉病
4110,遗传性骨骼发育不良
4111,伴性遗传病
4112,儿童鼾症
4113,附件炎
4114,带状疱疹病毒性巩膜炎
4115,精神狂燥症
4116,颈椎间盘脱出症
4117,恐蛇症
4118,婴儿腹泻
4119,儿茶酚氨症
4120,强迫神经症
4121,干燥病
4122,蝙蝠恐惧症
4123,花生酱恐惧症
4124,猪蠕形螨病
4125,骨转移瘤
4126,鼓膜充血
4127,爱情恋爱恐惧症
4128,弥漫性非毒性甲状腺肿
4129,胸腔镜心脏手术
4130,Kimura病
4131,颈内动脉海绵窦瘘
4132,儿急性喉气管支气管炎
4133,慢性根尖周炎
4134,克林菲尔特综合症
4135,紫癜性皮炎
4136,婴幼儿性青光眼
4137,惊恐症
4138,伏气温病
4139,压抑症
4140,双乳腺小叶增生
4141,子宫平滑肌肉瘤
4142,绿脓杆菌病
4143,潜在抑郁症
4144,脑电信息反馈脑部疾病
4145,回归热型结节性非化脓
4146,水脑症
4147,猪细小病毒病
4148,活埋恐惧症
4149,脐尿管囊肿及脐尿管瘘
4150,四棱豆果腐病
4151,棘头虫病
4152,小儿再生障碍性贫血
4153,肺下积液
4154,开放性肺结核
4155,嗓音失认症
4156,A型流感病毒
4157,重度脂肪肝
4158,先天性高乳酸血症
4159,龟头糜烂
4160,风疳
4161,先天性前尿道瓣膜
4162,新生儿便秘
4163,脑灰质异位
4164,儿科虫病小儿丝虫病
4165,妊娠合并糖尿病
4166,异位性皮肤炎
4167,月经不调症
4168,副猪嗜血杆菌病
4169,黄麻褐斑病
4170,眼眶击出性骨折
4171,皮炎
4172,慢性心功能不全
4173,小儿爱德华兹综合征
4174,肠息肉
4175,牙疼
4176,先天性大疱性鱼鳞病样
4177,牙斑
4178,XP色素干皮症
4179,亚急性细菌性心内膜炎
4180,卡氏肺囊虫肺炎
4181,外耳道真菌病
4182,单纯性肥胖症
4183,手足病
4184,多发性神经纤维瘤
4185,先天性肝内胆管囊状扩
4186,晕车
4187,鸭传染性窦炎
4188,骨质软化
4189,马鼻肺炎
4190,急惊风病
4191,散发性呆小病
4192,猫泛白细胞减少症
4193,肠白塞病
4194,眼部带状疱疹
4195,急乳蛾
4196,杯状病毒性胃肠炎
4197,腰间盘
4198,幼年型粒-单核细胞白
4199,猪增生性肠病
4200,油菜细菌性黑斑病
4201,葡萄糖磷酸异构酶缺乏
4202,口腔菜花状乳头瘤病
4203,抽搐病
4204,血管性脊髓病
4205,外阴横纹肌肉瘤
4206,牛血孢子虫病
4207,Brock综合征
4208,亨汀顿舞蹈症
4209,常现丝虫病
4210,婴儿指部纤维瘤病
4211,口僻
4212,特发性癫痫综合征
4213,视网膜病变
4214,猪病
4215,禽巴氏杆菌病
4216,小儿过敏性紫瘢
4217,脓包型痤疮
4218,肌小管肌病
4219,金瓜褐腐病
4220,Ewing肉瘤
4221,儿童艾滋病
4222,肺结节
4223,中毒性肌病
4224,激素不应症
4225,短肠综合症
4226,男性不孕不育症
4227,菜用大豆荚枯病
4228,急性出血性结膜炎
4229,泌尿生殖系放线菌病
4230,原发性单克隆球蛋白病
4231,下巴长痘
4232,肺梗死
4233,感冒病
4234,猪圆环病毒病
4235,出汗不良
4236,肉毒中毒症
4237,甜菜白粉病
4238,先天性肠闭锁与狭窄
4239,神经纤维瘤病
4240,猪乳房炎
4241,面颈部淋巴结炎
4242,角化病
4243,O型腿
4244,Meige综合征
4245,痔漏
4246,咽部脊索瘤
4247,下肢干性坏疽
4248,肌肉拉伤
4249,恐女症
4250,天南星花叶病毒病
4251,鞍状子宫
4252,脱疽
4253,慢性病
4254,旷野恐惧症
4255,肉鸡腹水综合征
4256,骨血管外皮细胞瘤
4257,膝关节退行性变
4258,囊性肾疾病
4259,阿尔采末病
4260,寄生虫性关节炎
4261,非特异性系统性坏死性
4262,肝肾综合症
4263,妄想性精神分裂症
4264,过敏性哮喘
4265,耳硬化
4266,原发性低血压
4267,C型尼曼氏病
4268,龋齿病
4269,心脏衰弱
4270,呕吐物吸入性肺炎
4271,牛黏液囊炎
4272,硬化性胆管炎
4273,月经性阴道炎
4274,厥阴病
4275,颞下颌关节功能紊乱综
4276,烂脚丫
4277,外感热病
4278,赤峰尿道炎
4279,豪焦小体
4280,肺曲霉病
4281,牙周炎
4282,甲醛中毒
4283,消化系癌伴血液病综合
4284,山羊脑脊髓丝状线虫病
4285,太子参花叶病
4286,中国动物卫生与流行病
4287,嗜酸性粒细胞性膀胱炎
4288,暑湿
4289,神经痛性肌萎缩
4290,子宫纤维瘤
4291,成人甲减
4292,脑炎后贵症
4293,H5N1
4294,并发症白内障
4295,妊娠紫癜
4296,脊髓型颈椎病
4297,肝大
4298,卵巢恶性中胚叶混合瘤
4299,肺泡微石症
4300,黄斑部病变
4301,婴儿脚气病
4302,贝赫切特病
4303,老年人低钙血症
4304,葡萄糖六磷酸盐脱氢酶
4305,年关焦虑症
4306,目标困惑症
4307,肺出血肾炎综合征
4308,新生儿寒冷损伤综合症
4309,血影细胞性青光眼
4310,先天性尿道下裂
4311,良性高血压
4312,肺鼠疫
4313,副溶血弧菌肠炎
4314,纤维肌痛征
4315,长假综合症
4316,周围神经病损
4317,骨髓癌
4318,晚上牙痛
4319,阴癣
4320,子宫附件囊肿
4321,慢性牙髓炎
4322,牛羊血吸虫病
4323,髋关节结核病
4324,胃动力不足
4325,持续性输卵管妊娠
4326,衣原体病
4327,坏疽性脓皮症
4328,先天性弓形体病
4329,肺包虫囊肿
4330,椎管内肿瘤
4331,下颌第三磨牙冠周炎
4332,体液潴留
4333,老烂腿
4334,主动脉弓综合征视网膜
4335,筒线虫病
4336,藏毛窦
4337,大肠埃希杆菌性胃肠炎
4338,儿童口吃
4339,猪坏死性皮炎
4340,盆腔外子宫内膜异位症
4341,维生素A中毒症
4342,小儿近端肾小管酸中毒
4343,高原适应不全症
4344,葡萄球菌皮肤烫伤样综
4345,神经鞘磷脂沉积病
4346,锌中毒
4347,职业性白内障
4348,中性粒细胞增多症
4349,心身障碍
4350,胸膜肿瘤
4351,视网膜病
4352,遗传性良性上皮内角化
4353,红色猪圆线虫病
4354,老年人病毒性肝炎
4355,基孔症
4356,阑尾癌
4357,夏伊-德雷格综合症
4358,假前综合症
4359,羊水吸入综合征
4360,磷中毒
4361,脑下垂体肿瘤
4362,家族性结肠腺瘤伴多发
4363,人格缺陷
4364,脓包疮
4365,阴茎头包皮炎
4366,人格自闭症
4367,蜘蛛状血管瘤
4368,多发性颅内血肿
4369,春天忧郁症
4370,乳头状囊腺癌
4371,脉络丛肿瘤
4372,鸡胸病
4373,猪布氏杆菌病
4374,硬化萎缩性苔藓
4375,性障碍
4376,肺炎支原体感染
4377,胆管结石与胆管炎
4378,椎管内结核肉芽肿
4379,恙螨皮炎
4380,疫疠
4381,狗湿疹
4382,肝心综合症
4383,出轨后遗症
4384,利斯特氏菌病
4385,眼眶疾病
4386,恶性高热
4387,结核性膀胱自发破裂
4388,偏桃体炎
4389,轻度乳腺增生
4390,禽衣原体病
4391,埃播拉出血热
4392,乙型血友病
4393,十二指肠憩室梗阻性黄
4394,牙齿过敏
4395,假期综合症
4396,传染性湿疹样皮炎
4397,日射病
4398,十二指肠平滑肌肉瘤
4399,白血病肾损害
4400,摇摆步态
4401,腹部肿瘤
4402,马沙门氏杆菌病
4403,自身免疫性慢性肝炎
4404,老年忧郁症
4405,乌脚病
4406,秋季抑郁症
4407,喘鸣
4408,急性巨核细胞白血病
4409,猫杯状病毒病
4410,白化病人
4411,卵巢硬化性间质瘤
4412,猪鼻炎
4413,猪锌缺乏症
4414,交感性眼炎
4415,情感性精神障碍
4416,腋窝有异味
4417,中毒性白内障
4418,先天性肌病
4419,绵羊巴贝斯虫病
4420,乌风障症
4421,脚底筋膜炎
4422,肛门溢液
4423,原发性卵巢癌
4424,电子抑郁症
4425,膝盖骨刺
4426,子嗽病
4427,夜盲症
4428,畸形恐惧症
4429,乳糖不耐症
4430,Whitfield硬
4431,延迟性应激反应
4432,缺乳症
4433,分裂样精神病
4434,外展神经麻痹
4435,埃斯博格综合征
4436,苔藓样结核疹
4437,老年人肺脓肿
4438,莙荙菜黑斑病
4439,革兰阴性杆菌肺炎
4440,免疫增生病
4441,手机强迫症
4442,小儿迁延性肾小球肾炎
4443,猪腺病毒感染
4444,幼年性跖部皮病
4445,颈椎疾病
4446,前列腺癌
4447,蠕虫蚴移行症
4448,手机过度使用症
4449,斑色鱼鳞癣
4450,三七黑斑病
4451,输尿管瓣膜
4452,颈后交感神经链综合症
4453,黑素细胞痣
4454,山羊病毒性关节炎
4455,益生菌依赖症
4456,荨麻诊
4457,落葵圆斑病
4458,膝外侧韧带损伤
4459,反刍家畜绦虫病
4460,骨产道异常
4461,系统性红斑狼疮性巩膜
4462,更年期忧郁症
4463,猫泡翼线虫病
4464,茄子赤星病
4465,非淋性尿道炎
4466,仔猪先天性震颤
4467,成人呼吸窘迫综合症
4468,腰椎骨质增生症
4469,美尼尔斯综合症
4470,网状红斑性粘蛋白病
4471,鸡克雷伯杆菌病
4472,周围神经病变
4473,川琦病
4474,先天性肺发育不全
4475,原发性肺动脉高压症
4476,面部识别变形症
4477,先天性髋关节脱位
4478,牙髓炎
4479,膀胱与尿道结石
4480,毛囊性粘蛋白病
4481,鼠疫耶尔森菌肺炎
4482,卢学炎
4483,假感冒
4484,亚急性联合变性
4485,骨囊肿
4486,视网膜中央静脉阻塞
4487,颈源性心脏病
4488,淋菌性阴道炎
4489,矮个子综合征
4490,面偏侧萎缩症
4491,滑车神经麻痹
4492,肘管综合症
4493,蛔蚴移行症
4494,疱疹性色素膜炎
4495,染色体异常性疾病
4496,暴肓
4497,反跳性失眠
4498,链球性咽炎
4499,囊尾蚴病
4500,骨放线菌病
4501,棉花花叶病毒病
4502,婴幼儿维生素C缺乏症
4503,巨腿症
4504,男性乳腺增生
4505,星芒病毒性肠炎
4506,喉咙息肉
4507,扩心病
4508,松毛虫性骨关节炎
4509,金钱癣
4510,小儿磨牙
4511,窝沟龋
4512,丝状疣
4513,下肢静脉瓣膜关闭不全
4514,大鞭虫病
4515,落葵紫斑病
4516,神经衰弱症
4517,肌肉疾病
4518,原发性肺血铁质沉积症
4519,疏散性跖部汗孔角化症
4520,假日心理综合症
4521,产后便血
4522,RH血型不合溶血病
4523,B19微小病毒
4524,肺上沟癌
4525,慢型克山病
4526,克丁病
4527,壶腹癌
4528,获得性血友病
4529,全反式维甲酸综合症
4530,马铃薯花叶病
4531,胆石性肠绞塞综合征
4532,急性粒细胞白血病
4533,异动症
4534,猪流行性乙型脑炎
4535,职业性变态反应性肺泡
4536,老年人甲亢性心脏病
4537,感应性精神病
4538,雅皮士病
4539,先天性耳前瘘
4540,联合免疫缺陷
4541,猪虱虫病
4542,闭合性跌打损伤
4543,胆碱性寻麻疹
4544,多囊性卵巢囊肿
4545,面部脂溢性皮炎
4546,腰骶部劳损
4547,毛圆线虫病
4548,口腔粘膜扁平苔藓
4549,春天综合症
4550,肌肉萎缩性侧索硬化症
4551,局限性外耳道炎
4552,病痘疮副银屑病
4553,冠状动脉粥样硬化症
4554,牛瘟
4555,贾第鞭毛虫病
4556,茄子斑枯病
4557,草莓状血管瘤
4558,阴道排气
4559,微笑型抑郁症
4560,腕关节腱鞘炎
4561,传染性法氏囊病
4562,中枢性睡眠呼吸中止症
4563,节日恐惧症
4564,念珠菌性间擦症
4565,中枢性睡眠呼吸暂停
4566,睑缘炎
4567,小脑萎缩症
4568,细菌性心包炎
4569,髓系肉瘤
4570,婚前综合症
4571,生物毒性肾病
4572,肝占位
4573,急性炎症
4574,无症状冠心病
4575,红血丝症
4576,球虫病
4577,妊娠便秘
4578,白塞综合征
4579,运动神经元疾病
4580,晕痣型白癜风
4581,视力模糊
4582,变蒸
4583,游戏成瘾
4584,腹股沟疝气
4585,边缘龈
4586,周三综合症
4587,乙酰胆碱性荨麻疹
4588,水疱性口炎
4589,精囊异常
4590,猪魏氏梭菌病
4591,桃花癣
4592,看牙恐惧症
4593,莱姆病性巩膜炎
4594,特异性肾实质疾病
4595,溶血
4596,儿童腹痛
4597,儿童胰腺功能不全并中
4598,猫口炎
4599,膝关节侧副韧带损伤
4600,老年期谵妄
4601,家禽念珠菌病
4602,胃空肠输入袢综合征
4603,婴儿营养感染性贫血
4604,疖疮
4605,鸭大肝病
4606,谷氨酸单钠症候群
4607,妊娠性心肌梗死
4608,莱姆症
4609,热情恐惧症
4610,牙感觉过敏症
4611,十二指肠静脉曲张
4612,卵巢混合性生殖细胞-
4613,疝病
4614,血小板增高症
4615,高血压性肾病
4616,放射性心包炎
4617,心手综合征
4618,慢性颈淋巴结炎
4619,哮喘[医学疾病]
4620,暴发性肝炎
4621,急性风湿病
4622,遇事烦躁症
4623,实验性精神病
4624,网膜囊肿
4625,外阴天疱疮
4626,唇疮
4627,细菌性肠炎
4628,宫颈囊肿症
4629,钡及其化合物中毒
4630,牛毛滴虫病
4631,伴肿瘤的高钙血症
4632,狼疮肾
4633,睫状环阻滞性青光眼
4634,动脉栓塞
4635,非典型抑郁症
4636,牙齿神经痛
4637,全身性念珠菌病
4638,死亡恐怖症
4639,急性视网膜色素上皮炎
4640,补体成份8缺乏症
4641,晶体性关节炎
4642,暑温病
4643,蜂王综合症
4644,面部脓皮病
4645,微信阅读依赖症
4646,急性播散性脊髓炎
4647,腹型偏头痛综合征
4648,甲状腺腺瘤
4649,干燥症
4650,绒毛管状腺瘤
4651,半身型白癜风
4652,纤维囊性乳腺病
4653,宫寒的症状
4654,性取向强迫症
4655,过早搏动
4656,骨疽
4657,高乳酸血症
4658,狒狒综合征
4659,胆红素脑病
4660,血小板疾病
4661,蔬菜恐惧症
4662,落葵叶点霉紫斑病
4663,先天性高位肩胛
4664,禽白痢
4665,慢性单纯型支气管炎
4666,蛇斑疮
4667,复合性牙周炎
4668,气管先天性疾病
4669,创伤窒息综合征
4670,淋克净组合
4671,超急性细菌性结膜炎
4672,胃胀
4673,嗜酸性粒细胞增多性皮
4674,蔓状血管瘤
4675,处女膜闭锁
4676,禽白血病
4677,包皮阴茎头炎
4678,先天性肌肉萎缩
4679,肌肉松弛
4680,小儿赖特综合征
4681,慢性阻塞性肺气肿
4682,牛巴贝斯焦虫病
4683,肾创伤
4684,眼球破裂伤
4685,阴茎癌
4686,晚发育
4687,自身免疫性血小板减少
4688,面部神经炎
4689,镰状细胞性肾病
4690,重复尿道
4691,先天性食管狭窄
4692,水肿病
4693,高层建筑综合症
4694,牛肺线虫病
4695,猪副伤寒病
4696,高胱氨酸尿症
4697,葡萄黄斑类病毒
4698,泪道堵塞
4699,爱伯特氏症
4700,佝偻病和骨质软化症
4701,恐男症
4702,新月体性肾小球肾炎
4703,厌食病
4704,老年人免疫性血小板减
4705,坐骨疝
4706,神经性肌强直
4707,奶牛酮病
4708,变异性心绞痛
4709,过度换气综合症
4710,便秘型结肠炎
4711,交界痣
4712,皮肤炎
4713,猪风湿病
4714,喉关节炎
4715,冷空气过敏性鼻炎
4716,交谈抑郁症
4717,外阴颗粒性肌母细胞瘤
4718,渴肤症
4719,痤疮
4720,寻麻疹
4721,周围性甲减
4722,摩根菌肺炎
4723,特发性肺含铁血黄素沉
4724,急性菌痢
4725,红细胞膜缺陷症
4726,围巾病
4727,土霉素中毒
4728,淋病合并症前列腺炎
4729,黑癣
4730,先天性腭裂
4731,冠周炎
4732,犬立克次氏体病
4733,直肠肛管先天性疾病
4734,慢性特发性低钾血症
4735,糠秕孢子菌性毛囊炎
4736,肾炎综合症
4737,慢性格林巴利综合症
4738,粘液表皮样癌
4739,隐形抑郁症
4740,性虐待症
4741,舞蹈症
4742,自恋癖
4743,唐菖蒲细菌性叶斑病
4744,激素性皮炎
4745,老年人肾病综合征
4746,风湿性心内膜炎
4747,亚临床甲减
4748,膀胱癌
4749,云母尘肺
4750,横膈下结肠嵌入综合征
4751,篮球足
4752,棘颚口线虫病
4753,失读症
4754,卡波氏肉瘤
4755,功能性疾病
4756,小儿结节性硬化综合征
4757,义齿修复
4758,毛球症
4759,带状疱疹病毒性脑炎
4760,粒细胞缺乏症
4761,苦苣菜脉黄病毒病
4762,鸡传染性肌胃炎
4763,气瘤病
4764,史蒂文斯-约翰逊综合
4765,苹果衰退病
4766,低钾症
4767,猫传染性腹膜炎
4768,中心性浆液性视网膜脉
4769,黏多糖贮积症Ⅳ型
4770,儿童沙眼
4771,听力残疾
4772,乳腺良性瘤
4773,脑性耗盐综合征
4774,慢性肾炎
4775,癔症性精神病
4776,嗜酸细胞性筋膜炎
4777,脉络膜炎
4778,乳房肿瘤
4779,曲霉菌病
4780,朝天鼻
4781,假斑秃
4782,室管膜瘤
4783,仔猪水肿病
4784,色素性皮肤病
4785,仔猪葡萄球菌性皮炎
4786,癔症木僵症
4787,尼曼-皮克病
4788,神经变性病
4789,敌意症
4790,变应性亚败血症
4791,人为皮炎
4792,多发肝囊肿
4793,小网膜囊疝
4794,色素减退
4795,甲亢性并发症
4796,活动盲肠综合征
4797,金鱼肠炎病
4798,腹壁子宫内膜异位症
4799,猪皮肤真菌病
4800,淋巴细胞脉络丛脑膜炎
4801,下血
4802,皮肤黄色瘤病
4803,遗传性共济失调症
4804,高脯胺酸血症
4805,夜游症
4806,感染性肋软骨炎
4807,酒精中毒性神经疾病
4808,变异性咳嗽
4809,仔猪低血糖症
4810,婴儿神经轴索营养不良
4811,脾肾阳虚型肠易激综合
4812,乳房棘球蚴病
4813,视网膜后膜
4814,外阴皮肤脂溢性皮炎
4815,脱屑性间质肺炎
4816,非细菌性前列腺炎
4817,颞下颌关节紊乱症
4818,多发性羧化脢缺乏症
4819,环氧乙烷中毒
4820,颈动脉窦综合症
4821,类艾滋病
4822,尼兹诺夫综合征
4823,肠道病毒71型感染
4824,小肠梗阻
4825,关节韧带扭伤
4826,畸形性脊柱炎
4827,湿肺
4828,热积必溃之病
4829,慢性咽喉炎症
4830,黑头
4831,抗胰蛋白酶缺乏症
4832,帕金森叠加综合征
4833,无排卵性子宫出血
4834,流行性腹泻
4835,遗传性凝血因子Ⅴ缺乏
4836,中性粒细胞类白血病
4837,脑充血
4838,猪败血性链球菌病
4839,犊牛大肠杆菌病
4840,止咳润肺食疗法
4841,心脏病
4842,中分化鳞癌
4843,融合性网状乳头瘤病
4844,笼养蛋鸡疲劳综合征
4845,隐性梅毒
4846,猪蓝眼病
4847,先天性束带综合征
4848,轻度精索静脉曲张
4849,唐氏病
4850,急性坏死性小肠炎
4851,局灶性神经病
4852,家族癌症
4853,阑尾寄生虫病
4854,阿根廷出血热
4855,低增生性急性白血病
4856,肺棘球蚴病
4857,亚甲炎
4858,猪血凝性脑脊髓炎
4859,前列腺痛综合症
4860,良性颅内高压症
4861,重鼻炎
4862,化学液体吸入
4863,H型高血压
4864,苦瓜白斑病
4865,山羊泰勒虫病
4866,自动酿酒综合症
4867,痰血
4868,耳垂长痘
4869,腹部肿块
4870,鼻干
4871,自动症
4872,恋兽癖
4873,剥脱性皮炎
4874,胎膜破裂
4875,恶病性痤疮
4876,中毒性巨结肠
4877,脾功能亢进
4878,烫伤
4879,蜘蛛痣
4880,脑器质性精神障碍
4881,新生儿低体温
4882,膀胱结石
4883,脂质沉积症
4884,口吃
4885,肛乳头肥大
4886,视野缺损
4887,铁锈色痰
4888,乳糜泻
4889,脊髓半切综合征
4890,末梢神经炎
4891,肝内胆管结石
4892,咽鼓管堵塞
4893,雀斑
4894,躯体化障碍
4895,继发感染
4896,骨硬化
4897,颅内占位性病变
4898,动脉导管未闭
4899,肝功能异常
4900,法乐四联症
4901,丘疹
4902,梦行症
4903,考试综合症
4904,营养不良
4905,眼疲劳
4906,骨转移
4907,腹膜后纤维化
4908,气胸
4909,虹视
4910,高氨血症
4911,面具脸
4912,不宁腿综合征
4913,颅内高压
4914,性早熟
4915,肺不张
4916,共济失调
4917,扭伤
4918,烟酸缺乏
4919,隐睾
4920,眼球突出
4921,肝纤维化
4922,口舌生疮
4923,丹毒
4924,阿罗瞳孔
4925,门静脉高压症
4926,新生儿喉喘鸣
4927,血胸
4928,胸膜增厚
4929,心肌肥厚
4930,胆结石
4931,脑缺血
4932,口腔念珠菌感染
4933,听觉过敏
4934,腰椎间盘突出
4935,碘甲亢
4936,心脏停搏
4937,感觉性失语
4938,放射性疼痛
4939,丘脑出血
4940,卵泡囊肿
4941,心脏骤停
4942,扁平足
4943,胎儿酒精综合征
4944,肝腹水
4945,免疫性肾炎
4946,口腔溃疡
4947,脚气
4948,垂体性闭经
4949,蜂窝组织炎
4950,偏头痛
4951,始基子宫
4952,胃酸过多
4953,有机磷中毒
4954,肢骨纹状肥大
4955,肝淤血
4956,马蹄内翻足
4957,阴道炎
4958,淋巴瘤
4959,扁平疣
4960,贲门失弛缓症
4961,肝火旺
4962,代谢综合征
4963,低烧
4964,皮肤瘙痒
4965,创伤性休克
4966,甲状腺危象
4967,颞下颌关节炎
4968,肝豆状核变性
4969,神经性肠梗阻综合征
4970,肝炎
4971,苍白密螺旋体
4972,习惯性流产
4973,半月板
4974,日光性皮炎
4975,短肠综合征
4976,传染性单核细胞增多症
4977,Kartagener综合征
4978,崩漏
4979,戒断反应
4980,猪痘
4981,围绝经期综合征
4982,直肠肛管周围脓肿
4983,心肌病
4984,球孢子菌病
4985,干燥综合症
4986,肝功能衰竭
4987,软疣
4988,痹证
4989,敏感肌肤
4990,心包疾病
4991,前庭神经元炎
4992,急性右心衰竭
4993,溶血性尿毒综合征
4994,帕金森氏病
4995,皮肤癣
4996,老年人高血压
4997,心房颤动
4998,中性粒细胞减少症
4999,水中毒
5000,噬血细胞综合征
5001,吸入性肺炎
5002,新生儿急性腹泻
5003,库欣病
5004,流行性出血性结膜炎
5005,截瘫
5006,利德尔综合征
5007,湿热
5008,高磷血症
5009,婚前恐惧症
5010,尿道综合征
5011,新生儿湿肺
5012,继发性免疫缺陷病
5013,棉苗炭疽病
5014,脑血管疾病
5015,心脏神经官能症
5016,慢性扁桃体炎
5017,隆鼻术
5018,美尼尔综合症
5019,黑斑息肉病
5020,脉搏短绌
5021,中毒性休克综合症
5022,黏膜皮肤淋巴结综合征
5023,白细胞减少症
5024,肛窦炎
5025,破水
5026,适应性障碍
5027,呕吐
5028,失语
5029,老年性根龋
5030,东方马脑炎
5031,肝血管瘤
5032,皮肤划痕症
5033,尿路刺激征
5034,皮肤黏膜淋巴结综合症
5035,酒精性脂肪肝
5036,格斯特曼综合症
5037,神经衰弱
5038,慢性肾衰竭
5039,先天性愚型
5040,高位截瘫
5041,脊髓炎
5042,呼吸道炎症
5043,瑞氏综合征
5044,风寒
5045,瓦登伯革氏症候群
5046,贝赫切特综合征
5047,垂体瘤
5048,血管炎
5049,角膜移植
5050,阿米巴性痢疾
5051,包皮炎
5052,血管性痴呆
5053,猫叫综合症
5054,人格变态
5055,鼻甲肥大
5056,腰痛
5057,猪支原体肺炎
5058,中东呼吸综合征
5059,无症状性脑梗死
5060,半乳糖血症
5061,孤独症（专业术语）
5062,骨软骨瘤
5063,急进性肾炎
5064,盆腔瘀血综合征
5065,胃肠型食物中毒
5066,卵巢早衰
5067,家庭主妇综合征
5068,乳糜尿
5069,尿崩症
5070,肺泡微结石症
5071,急性冠状动脉综合征
5072,心功能不全
5073,毛细血管扩张症
5074,肩周炎
5075,肥大性骨关节病
5076,麻风病
5077,非典后遗症
5078,先天性曲细精管发育不全综合征
5079,炭疽病
5080,Pancoast综合征
5081,高催乳素血症
5082,直接灸
5083,干燥综合征
5084,咽结膜热
5085,急性短暂性精神病
5086,脆骨病
5087,三尖瓣关闭不全
5088,阴茎
5089,干呕
5090,经行发热
5091,金黄色葡萄球菌脑膜炎
5092,收缩性心力衰竭
5093,高尿酸症
5094,先天性卵巢发育不全
5095,高血脂症
5096,强制性思维
5097,肾小球肾炎
5098,班氏丝虫病
5099,精液发黄
5100,美洲锥虫病
5101,血管运动性鼻炎
5102,泌乳素瘤
5103,症状性高血压
5104,暴发性肝衰竭
5105,结缔组织病
5106,闭合性颅脑损伤
5107,肠道菌群失调症
5108,外阴白斑
5109,破伤风
5110,21一三体综合征
5111,嵌顿疝
5112,顶叶综合征
5113,癔病
5114,急性黄疸型肝炎
5115,乳房肿块
5116,颅脑损伤伴发精神障碍
5117,老年肺栓塞
5118,腹腔间隔室综合征
5119,时行感冒
5120,腰膝酸软
5121,室间隔缺损
5122,疳积
5123,腮腺炎
5124,产后恶露不绝
5125,淋巴丝虫病
5126,多囊肾
5127,格林巴利
5128,新生儿溶血
5129,桡骨头骨折
5130,毛囊虫病
5131,腰椎间盘突出症
5132,血小板增多症
5133,抗精神失常药
5134,实热
5135,老年人腿抽筋
5136,疫毒痢
5137,老年心力衰竭
5138,骨擦音
5139,妊娠胆汁淤积症
5140,卵泡黄素化
5141,畸胎瘤
5142,色斑
5143,脐膨出
5144,病毒性脑膜炎
5145,麦克尔憩室
5146,子宫下垂
5147,戒酒综合征
5148,猪气喘病
5149,闭经溢乳综合征
5150,椎间盘突出症
5151,肺燥咳嗽
5152,开角型青光眼
5153,梨状肌综合症
5154,流行性斑疹伤寒
5155,肾源性高血压
5156,急性单纯性胃炎
5157,老年缺血性心肌病
5158,子宫肌腺症
5159,外照射急性放射病
5160,枫糖尿症
5161,痴呆
5162,结肠息肉
5163,酒精肝检查
5164,脊髓灰质炎
5165,松果体瘤
5166,肾病综合征
5167,前斜角肌综合征
5168,蛋白质营养不良
5169,假性胰腺囊肿
5170,先天性膈疝
5171,完全性房室传导阻滞
5172,类鼻疽
5173,多系统萎缩
5174,侏儒症
5175,原发性肺结核
5176,恶病质
5177,大网膜扭转
5178,老年性骨质疏松症
5179,脾囊肿
5180,窦道
5181,急性肾小球肾炎
5182,胆汁性肝硬化
5183,感音神经性耳聋
5184,激素依赖性皮炎
5185,先天性弓形虫病
5186,心血管疾病
5187,原发性血小板增多症
5188,锰中毒
5189,内分泌失调
5190,克氏综合征
5191,室上速
5192,心源性哮喘
5193,阳浮发热
5194,二尖瓣脱垂
5195,慢性结膜炎
5196,前列腺疾病
5197,前列腺炎
5198,胰腺炎
5199,高血糖
5200,发育性髋关节发育不良
5201,支气管扩张
5202,筋膜间隔区综合征
5203,发颐
5204,生长发育迟缓
5205,结核病
5206,满月脸
5207,肺部良性肿瘤
5208,瘿瘤
5209,沙门氏菌病
5210,肺性脑病
5211,帕金森综合症
5212,儿童自闭症
5213,结节病
5214,朊蛋白病
5215,润苔
5216,家族性结肠息肉
5217,多发性硬化
5218,强迫症
5219,动脉血栓
5220,痄腮
5221,皮肤梅毒疹
5222,低钠血症
5223,坐骨神经痛
5224,肌腱粘连
5225,急性肝功能衰竭
5226,脂肪肝
5227,失眠强迫症
5228,毒性弥漫性甲状腺肿
5229,类风湿性关节炎
5230,华支睾吸虫病
5231,脑型肺吸虫病
5232,椎-基底动脉供血不足
5233,小儿心律失常
5234,足跟痛
5235,春温
5236,罗圈腿
5237,黑尿症
5238,爱无力
5239,疖子
5240,肾功能衰竭（医学疾病）
5241,猪肺疫
5242,安东尼瘟疫
5243,原发性胆汁性肝硬化
5244,密切接触者
5245,咽结核
5246,羞尿症
5247,血管杂音
5248,脑动脉硬化症
5249,小脑萎缩
5250,痘痕
5251,亚健康
5252,失盐性肾炎
5253,SARS
5254,垂体卒中
5255,多器官功能障碍综合征
5256,肺嗜酸性粒细胞增多症
5257,子宫息肉
5258,难治性贫血
5259,胆管结石
5260,冷纤维蛋白原血症
5261,遗忘综合征
5262,脉管炎
5263,单思病
5264,痈
5265,关节强直
5266,子宫后倾
5267,脑性瘫痪综合征
5268,手足徐动症
5269,恐人症
5270,病因学
5271,新生儿黄疸
5272,新生儿硬肿症
5273,肝肾综合征
5274,慢性乙型肝炎
5275,镰刀形细胞贫血症
5276,儿童抽动障碍
5277,常染色体遗传
5278,胁痛
5279,妄想型人格违常
5280,食管闭锁
5281,接吻病
5282,重叠综合征
5283,气管炎
5284,冠状动脉痉挛
5285,幽门螺旋杆菌病
5286,颈椎病
5287,泌尿系统感染
5288,低血糖
5289,小儿结节病
5290,反应性关节炎
5291,非特异性阴道炎
5292,急性牙髓炎
5293,急性心肌梗塞
5294,肺诺卡菌病
5295,埃立克体病
5296,宫颈息肉
5297,胰岛素抵抗
5298,滋阴降火
5299,子宫腺肌病
5300,糖尿病白内障
5301,经行泄泻
5302,镰刀型细胞贫血症
5303,脑震荡（头部受外力击打导致）
5304,膜性肾小球肾炎
5305,肠易激综合征
5306,高血压
5307,火疳
5308,马凡氏综合症
5309,非伤寒沙门菌感染
5310,肾毒性
5311,急性感染性多发性神经根炎
5312,耵聍栓塞
5313,血精
5314,下颌关节复位
5315,HELLP综合征
5316,肛门息肉
5317,小儿猫叫综合征
5318,低血糖症
5319,马铃薯早疫病
5320,急性化脓性腱鞘炎
5321,胃液反流
5322,纳尔逊综合征
5323,心脏肥大
5324,唇焦
5325,肺部肿瘤
5326,卫气（典籍摘要）
5327,痔疮
5328,水火烫伤
5329,余光强迫症
5330,禽流感
5331,布加综合征
5332,血管网织细胞瘤
5333,生殖器念珠菌病
5334,副霍乱
5335,抑郁症
5336,渐冻人
5337,精神分裂症
5338,假性甲状旁腺功能减退
5339,人感染高致病性禽流感
5340,愉快木偶综合征
5341,腰脱
5342,幼年类风湿关节炎
5343,充血性心力衰竭
5344,膀胱造瘘
5345,非小细胞肺癌
5346,脂肪泻
5347,华枝睾吸虫病
5348,先天性肾病综合征
5349,血管性头痛
5350,猪水疱病
5351,前葡萄膜炎
5352,潜伏梅毒
5353,包头市传染病防治条例
5354,小儿变蒸
5355,原发性乳腺恶性淋巴瘤
5356,气血亏虚
5357,化脓性腮腺炎
5358,麻痹性痴呆
5359,肾脓肿
5360,性冷淡
5361,多囊卵巢综合征
5362,肝性脑病
5363,臂间倒位
5364,颈动脉狭窄
5365,子宫脱垂症
5366,过敏性皮炎
5367,西方马脑炎
5368,甲状腺肿
5369,胃溃疡
5370,痹病
5371,大叶性肺炎
5372,老年呼吸衰竭
5373,软骨瘤
5374,杏仁中毒
5375,牛痘
5376,神昏
5377,库欣综合征
5378,间质性肾炎
5379,新生儿缺血缺氧性脑病
5380,恐高症
5381,骨性关节炎
5382,神经系统遗传性疾病
5383,钩体病
5384,窦性心律失常
5385,先天畸形
5386,鼠疫
5387,出血热
5388,软组织损伤
5389,天灸
5390,饮酒性精神障碍
5391,脑梗塞
5392,急性肝衰竭
5393,骨痛
5394,脑脓肿
5395,耳鼻咽喉梅毒
5396,关节痛
5397,食道炎
5398,高原反应
5399,急腹症
5400,先天性肾上腺皮质增生症
5401,抽风
5402,河盲症
5403,慢性肺原性心脏病
5404,颅内动静脉畸形
5405,创伤后压力症候群
5406,右室双出口
5407,先天性髋脱位
5408,黑色素瘤
5409,肝衰竭
5410,包涵体肌炎
5411,低镁血症
5412,戈谢氏病
5413,小儿低血糖症
5414,家族性结肠腺瘤伴多发肿瘤综合征
5415,恶性淋巴瘤
5416,软骨病
5417,军团菌病
5418,心绞痛
5419,共济失调毛细血管扩张症
5420,痔
5421,膈扑动
5422,网球肘
5423,黑星病
5424,阳明经证
5425,创伤性记忆
5426,猪传染性萎缩性鼻炎
5427,低分化腺癌
5428,胎黄
5429,高泌乳素血症
5430,脑积水
5431,盲肠炎
5432,老年高血压病
5433,息肉
5434,猪附红细胞体病
5435,风湿性心脏病
5436,上火
5437,吸收不良综合征
5438,先天性梅毒
5439,肠道菌群失调
5440,督脉（经络）
5441,维生素D中毒
5442,细菌性痢疾
5443,肾脏病
5444,获得性巨结肠
5445,雪松流胶病
5446,硬脑膜下血肿
5447,免疫力低下
5448,瘘管
5449,腰肌劳损
5450,心包炎
5451,卵圆孔未闭
5452,卵巢过度刺激综合征
5453,恶性高血压
5454,挤压综合征
5455,不可复性盘前移位
5456,雷诺综合征
5457,急性湿疹
5458,肾功能衰竭
5459,冠状动脉瘤
5460,僵直性脊椎炎
5461,感冒（病症）
5462,说谎癖
5463,慢性膀胱炎
5464,肾上腺危象
5465,原发性痛经
5466,角膜炎
5467,胶质瘤
5468,肝功能不全
5469,暴脱
5470,肾病综合症
5471,肺动脉瓣狭窄
5472,多发性抽动症
5473,痰多
5474,关于卫生监督体系建设的若干规定
5475,牙结石
5476,肾虚
5477,乳晕
5478,棘阿米巴角膜炎
5479,不安腿综合征
5480,细菌性阴道炎
5481,脊柱肿瘤
5482,扁桃体炎
5483,自身免疫性肝病
5484,肠毛滴虫病
5485,肾气虚
5486,牙龈肿痛
5487,肿胀
5488,黄色瘤
5489,染色体病
5490,脱肛
5491,自主神经系统疾病
5492,混合性耳聋
5493,肺结核病
5494,迟脉
5495,无动性缄默
5496,急性肾衰竭
5497,乙型肝炎表面抗体
5498,新城疫
5499,耳毒性耳聋
5500,席汉综合征
5501,胸廓出口综合征
5502,暑热症
5503,犬蛔虫病
5504,气道高反应性
5505,胃十二指肠疾病
5506,耳鸣耳聋
5507,舌炎
5508,脑波疗法
5509,卵巢纤维瘤
5510,急性肾小管坏死
5511,颈外静脉
5512,病
5513,慢性充血性脾肿大
5514,血虚
5515,血崩
5516,手足搐搦症
5517,继发性血小板减少症
5518,子宫平滑肌瘤
5519,腹腔感染
5520,肛隐窝炎
5521,Fanconi综合征
5522,阿兹海默症
5523,恐怖症
5524,wilson病
5525,空调病
5526,自发性脑室内出血
5527,黏液腺癌
5528,感染性腹泻
5529,黄疸型肝炎
5530,湿痰
5531,心肌缺氧
5532,再生障碍性贫血
5533,排卵障碍
5534,腰椎管狭窄症
5535,移植物抗宿主病
5536,腹膜后疝
5537,脑炎
5538,肺鳞癌
5539,未闭动脉导管
5540,口干
5541,放射性肺炎
5542,闭经
5543,严重急性呼吸综合征
5544,不稳定型心绞痛
5545,心肌炎
5546,产后出血
5547,结节性多动脉炎
5548,肺损伤
5549,结核性胸膜炎
5550,重症急性呼吸综合征
5551,肺炎球菌脑膜炎
5552,急性肾盂肾炎
5553,萎缩性鼻炎
5554,皮肌炎
5555,血管活性肠肽瘤
5556,高血糖高渗综合征
5557,癫痫持续状态
5558,脓疱疮
5559,胸腺瘤
5560,白细胞减少
5561,缺血性心肌病
5562,罗阿丝虫病
5563,单眼双上转肌麻痹
5564,急性呼吸衰竭
5565,毛细支气管炎
5566,湿疹
5567,急性会厌炎
5568,汉坦病毒肺综合征
5569,非感染性腹泻病
5570,汞中毒
5571,胎儿窘迫
5572,二尖瓣狭窄
5573,特发性肺纤维化
5574,肠类癌
5575,细菌性阴道病
5576,感觉障碍
5577,皮质醇增多症
5578,妊娠期高血压
5579,早孕反应
5580,纵隔囊肿
5581,慢性腹泻
5582,吸气性呼吸困难
5583,急性喉气管支气管炎
5584,急性化脓性甲状腺炎
5585,无精神病
5586,肝片形吸虫病
5587,老年人肺气肿
5588,胸膜间皮瘤
5589,早产儿视网膜病变
5590,急性重症胆管炎
5591,肺泡蛋白沉着症
5592,风疹
5593,多发性脑膜瘤
5594,嗜铬细胞瘤
5595,范可尼综合征
5596,直肠类癌
5597,下肢深静脉血栓形成
5598,脂肪瘤
5599,肺气肿
5600,功能性消化不良
5601,慢性淋巴细胞白血病
5602,川崎病
5603,巨人症与肢端肥大症
5604,急性心包炎
5605,慢性肺源性心脏病
5606,猩红热
5607,小儿麻疹
5608,出冷汗
5609,败血症
5610,急性腺样体炎
5611,肉芽肿性多血管炎
5612,糖皮质激素不敏感综合征
5613,老年人流行性感冒
5614,胸腔积液
5615,肺炎支原体肺炎
5616,糖尿病足
5617,血管神经性水肿
5618,腋-锁骨下静脉血栓形成
5619,支原体肺炎
5620,毛细胞白血病
5621,软骨肉瘤
5622,肾小管酸中毒
5623,下肢淋巴水肿
5624,下肢动脉硬化闭塞症
5625,纵隔肿瘤
5626,新生儿呼吸窘迫综合征
5627,房室传导阻滞
5628,伤寒
5629,急性呼吸窘迫综合征
5630,肝硬化
5631,结肠绒毛状腺瘤
5632,肝结核
5633,心肌梗死
5634,嗜酸性粒细胞性胃肠炎
5635,肝肿大
5636,职业性黑变病
5637,慢性进行性眼外肌麻痹
5638,血栓性静脉炎
5639,弓形虫病
5640,室内传导阻滞
5641,老年人多器官功能衰竭
5642,嵌杯样病毒性胃肠炎
5643,溃疡性结肠炎
5644,冠状病毒感染
5645,淋巴结结核
5646,急性胆囊炎
5647,凝血功能障碍
5648,法洛四联症
5649,颅内转移瘤
5650,结肠肿瘤
5651,脂质性肺炎
5652,社区获得性肺炎
5653,慢性胃炎
5654,睡眠呼吸暂停综合征
5655,癔症性躯体障碍
5656,肺血栓栓塞症
5657,百草枯中毒
5658,烧伤
5659,肺源性心脏病
5660,休克
5661,脾肿大
5662,流行性感冒
5663,麻疹
5664,衣原体肺炎
5665,胰致腹泻瘤
5666,耳硬化症
5667,急性淋巴细胞白血病
5668,高嗜酸粒细胞综合征
5669,副流行性感冒
5670,支气管扩张症
5671,细菌感染
5672,自身免疫性肝炎
5673,异物性肺炎
5674,胰腺癌
5675,急性咽炎
5676,食管癌
5677,鲜红斑痣
5678,流行性脑脊髓膜炎
5679,小儿急性喉炎
5680,高碳酸血症
5681,多发性肌炎
5682,接触性皮炎
5683,创伤性膈疝
5684,热带性口炎性腹泻
5685,鼻中隔偏曲
5686,心房扑动
5687,原发性免疫缺陷病
5688,先天性肠旋转不良
5689,急性白血病
5690,右下腹痛
5691,特发性肺含铁血黄素沉着症
5692,高血钾
5693,胃泌素瘤
5694,吸入性损伤
5695,急性发热性嗜中性皮肤病
5696,流行性出血热
5697,埃博拉病毒病
5698,老年人阳性杆菌肺炎
5699,紫癜性肾炎
5700,五氯酚钠中毒
5701,继发性血小板减少性紫癜
5702,增殖体肥大
5703,慢性心力衰竭
5704,踝关节骨折
5705,里急后重
5706,功能失调性子宫出血
5707,肺癌
5708,排卵型功能失调性子宫出血
5709,脓毒症
5710,急性鼻窦炎
5711,遗传性纤维蛋白原缺乏症
5712,小儿肺水肿
5713,尿路感染
5714,水痘
5715,布鲁氏菌病
5716,慢性咽炎
5717,HIV相关呼吸道感染
5718,液气胸
5719,急性盆腔炎
5720,小儿肺炎
5721,虫媒病毒性脑炎
5722,伪膜性肠炎
5723,肺泡蛋白沉积症
5724,妊娠合并甲状腺功能亢进
5725,支气管哮喘
5726,关节挛缩
5727,慢性前列腺炎
5728,子宫颈癌
5729,感染性心内膜炎
5730,星形病毒性肠炎
5731,甲型病毒性肝炎
5732,胎盘早剥
5733,动脉粥样硬化
5734,肺动脉栓塞
5735,产褥感染
5736,获得性免疫缺陷综合征
5737,肺栓塞
5738,自然流产
5739,蜂窝织炎
5740,慢性粒单核细胞白血病
5741,主动脉瓣狭窄
5742,慢性肾盂肾炎
5743,砷中毒
5744,白喉
5745,钩端螺旋体病
5746,甲状腺功能亢进性心脏病
5747,西伯利亚立克次体斑疹热
5748,胆管癌
5749,药物性角膜病
5750,脑型疟疾
5751,自发性气胸
5752,心动过速
5753,子宫收缩乏力
5754,老年人终末期肺炎
5755,闭合性气胸
5756,鼻咽癌
5757,病态窦房结综合征
5758,妊娠合并支气管哮喘
5759,沙状病毒性出血热
5760,特发性间质性肺炎
5761,姜片虫病
5762,重症肌无力
5763,原发性肝癌
5764,急性细菌性前列腺炎
5765,感染性休克
5766,咽喉炎
5767,链球菌感染
5768,急性高原病
5769,开放性气胸
5770,肺部感染
5771,呼吸窘迫综合症
5772,病毒性心肌炎
5773,急性冠脉综合征
5774,菌血症
5775,急性肾上腺皮质功能不全
5776,百日咳
5777,臀先露
5778,原发性高血压
5779,急性肺血栓栓塞症
5780,子宫肉瘤
5781,慢性呼吸衰竭
5782,烧伤后腹泻
5783,小儿发烧
5784,继发性化脓性腹膜炎
5785,肺脓肿
5786,沙雷菌肺炎
5787,症状
5788,肺炎
5789,流行病
5790,慢性病
5791,心脏和血管疾病
5792,遗传病
5793,神经内科疾病
5794,内分泌疾病
5795,心理疾病
5796,消化内科疾病
5797,泌尿科疾病
5798,肌肉骨骼系统和结缔组织疾病
5799,肾脏疾病
5800,耳鼻喉科疾病
5801,传染病
5802,口腔科疾病
5803,精神科疾病
5804,妇科病
5805,先天性疾病
5806,神经外科疾病
5807,消化系统疾病
5808,儿科疾病
5809,呼吸系统疾病
5810,罕见病
5811,血液系统疾病
5812,眼科疾病
5813,男性疾病
5814,循环系统疾病
5815,皮肤和皮下组织疾病
5816,肛肠疾病
5817,内科疾病
5818,妇科疾病
5819,动脉硬化性血管病
5820,新生儿窒息
5821,风湿热
5822,上腔静脉综合征
5823,手足口病
5824,荨麻疹
5825,肺淤血
5826,尿毒症性肺炎
5827,胎粪吸入综合征
5828,心源性休克
5829,埃可病毒感染
5830,慢性鼻窦炎
5831,回归热
5832,妊娠合并慢性肾小球肾炎
5833,中毒性休克综合征
5834,肝脓肿
5835,变应性鼻炎
5836,晚期产后出血
